conformation_lmdb_key,source_lmdb_key,pdb_id,sequence_length,sequence_sha256,n_conformations,source_disorder_source,source_is_idp,source_disorder_fraction,evidence_tier,exact_disprot_sequence_match,disprot_ids,disprot_accessions,disorder_residues,disorder_fraction,longest_disorder_region,disorder_region_count
00000000,00000000,af2_val_0_84860,54,a6cfb329e465e0fb59876a34a0cab00de6cad6440b8ab67c6caabce399b46de8,5,folded,,0.0,no_disorder_evidence,False,,,0,0.0,0,0
00000001,00000001,G8HXD9,56,afb1432d75af40a2d5cef97e7e276f6f5af68af4b98c494b7d4ac3cc5d9bcca1,5,ebi_mobidb_lite,True,0.5357142686843872,experimentally_curated_fully_disordered,True,DP00878,G8HXD9,56,1.0,29,2
00000002,00000002,af2_val_0_55482,56,7e859d82171047700fd3e9632f7a47eab4a39baedc8c3316d2fc62d3ce2260bb,5,folded,,0.0,no_disorder_evidence,False,,,0,0.0,0,0
00000003,00000003,af2_val_0_31216,57,338cff411614c3a03141de204ac850414b52a11ea1e0a32ac6812a61713d3823,5,folded,,0.0,no_disorder_evidence,False,,,0,0.0,0,0
00000004,00000004,A0A0H2UWN8,60,26804052cc466121c5d717ba403b032e55421149bbb8316935fe9695990d5442,5,af2_plddt_fallback,True,1.0,experimentally_curated_fully_disordered,True,DP04243,A0A0H2UWN8,60,1.0,60,2
00000005,00000005,A0A0H3CFC9,61,7dce5ab303a0b3c692708bc3e9863bfd7bfdc85f4a58810e9b7d5d31bf9679fa,5,af2_plddt_fallback,True,1.0,experimentally_curated_partially_disordered,True,DP00987,A0A0H3CFC9,22,0.36065573770491804,22,1
00000006,00000006,af2_val_0_11924,63,fbd7b852428f5351c4dce3dedf7b9e0cd8e80fad7d77f867a0481fa2486c4f5b,5,folded,,0.0,no_disorder_evidence,False,,,0,0.0,0,0
00000007,00000007,A0A936SUR2,64,5a62d536bc2c3fff5dcc4b08ddddac6f1bac7464ab658f06e4ea2c8568076685,5,af2_plddt_fallback,True,1.0,experimentally_curated_fully_disordered,True,DP04431,A0A936SUR2,64,1.0,64,1
00000008,00000008,A0A068MVV3,65,cfc83b720373ba59f5256a85ce4852e94d707b4dc01a7540d461dca2deca191a,5,af2_plddt_fallback,True,1.0,experimentally_curated_fully_disordered,True,DP01148,A0A068MVV3,65,1.0,65,3
00000009,00000009,af2_val_0_64012,67,27d80e68627641f5e24efced906e06a7d8309055a4ec509a9ff9f2cb621b27c7,5,folded,,0.0,no_disorder_evidence,False,,,0,0.0,0,0
00000010,00000010,O00244,68,c38e8a0305e2b0014c920c0524707b2f96d771364ab9d78b32d071b39d10afea,5,folded,,0.0,no_disorder_evidence,False,,,0,0.0,0,0
00000011,00000011,O15239,70,f265575e5187e015a53835095d4db9fb48c73567aa5791a8f8cfac53f2d6b52a,5,folded,,0.0,no_disorder_evidence,False,,,0,0.0,0,0
00000012,00000012,af2_val_0_03406,70,816b4dd2abb80dfe6f492a91c1cb018d19eb581fe74c1773b6a91fdf2d38ba7e,5,folded,,0.0,no_disorder_evidence,False,,,0,0.0,0,0
00000013,00000013,Q3MUY2,71,2d015c2fe5d997d61de5d57f49d376f7bac091b296243bcf3722a28a97953306,5,folded,,0.0,no_disorder_evidence,False,,,0,0.0,0,0
00000014,00000014,A0MHA3,71,c8d9d24bb2c7f912258b0ad3aa5270e113c127d74d1e41be1daf9e86c6942c1c,5,af2_plddt_fallback,True,1.0,experimentally_curated_partially_disordered,True,DP00918,A0MHA3,29,0.4084507042253521,29,1
00000015,00000015,P62308,76,7ca34fc76f2082be177e944e527f827c4ec20ee4b910601401a7d2289586599c,5,folded,,0.0,no_disorder_evidence,False,,,0,0.0,0,0
00000016,00000016,P00995,79,2f17f5ddb7fe12bbce022c3ceefd40143ba0db8da4ac5edd089e2d77e684e047,5,folded,,0.0,no_disorder_evidence,False,,,0,0.0,0,0
00000017,00000017,P61024,79,5eacfaa833f657c7552f7dc1fcb8412921fe75c09606c4e038e13fb21bc84c0b,5,folded,,0.0,no_disorder_evidence,False,,,0,0.0,0,0
00000018,00000018,Q15843,81,1048fa6680328ac4881db03c81f5c56f9ce035af26ba70a03a476ca6ba8c88d3,5,folded,,0.0,experimentally_curated_short_disorder,True,DP02302,Q15843,13,0.16049382716049382,13,1
00000019,00000019,O00483,81,d27ec74e8b8316619ff76d7b3687004435111caf66823026411040dc7c2e897c,5,folded,False,0.0,no_disorder_evidence,False,,,0,0.0,0,0
00000020,00000020,Q9NYG5,84,6b424970e33e58593bc2c22adac3ae46fd01e1c34e53e5432328884777cc697f,5,folded,,0.0,no_disorder_evidence,False,,,0,0.0,0,0
00000021,00000021,P61960,85,10517155fd8109a88908ca50e3fe6c57b00db7bf49a391ede9cd383f20a6b015,5,folded,,0.0,no_disorder_evidence,False,,,0,0.0,0,0
00000022,00000022,P49458,86,a65d8b34f517d01d508316b1dcd6a4f7d6de26de58607b25a4ca2e38d04d5ad1,5,folded,,0.0,no_disorder_evidence,False,,,0,0.0,0,0
00000023,00000023,af2_val_0_35022,87,673e23357a9f9207715eff2eef81e634df3e976eb39fed74bc8e8971500faf7e,5,folded,,0.0,no_disorder_evidence,False,,,0,0.0,0,0
00000024,00000024,O96033,88,53940452e16bd90b996d8de45f64ed8cb931137001f90cac4f3d8a3dfcb7c39f,5,folded,,0.0,no_disorder_evidence,False,,,0,0.0,0,0
00000025,00000025,Q8WXC3,89,18cd11be20b7fa7a9da1501a12cf7368f0546c13252cff83250f999c8b1858dd,5,folded,,0.0,no_disorder_evidence,False,,,0,0.0,0,0
00000026,00000026,af2_val_0_81041,89,e54ef0b3893bf8fd606f2a0ac75a4994dbf9bbab3d24c45f8e5cdcef8925a101,5,folded,,0.0,no_disorder_evidence,False,,,0,0.0,0,0
00000027,00000027,P06703,90,f1b80d54ece8688a10846faa217dfd41605378108f530ec216e92dff6141aa3f,5,folded,,0.0,no_disorder_evidence,False,,,0,0.0,0,0
00000028,00000028,Q9H503,90,4e11dcf2fa71122b5ded4f5014782284e8d7d1df7c6b3f4cd0334fa8bef60f0f,5,folded,,0.0,no_disorder_evidence,False,,,0,0.0,0,0
00000029,00000029,P57730,90,0486d3fa4030a126c13691c9ef43f6ceff296afc9363d0489d53cd63ed1689ed,5,folded,,0.0,no_disorder_evidence,False,,,0,0.0,0,0
00000030,00000030,P07919,91,7375f2271d453c37d53d0eabe7ac398b2033186e15f1aca708afd3790525ec57,5,folded,False,0.0,no_disorder_evidence,False,,,0,0.0,0,0
00000031,00000031,O43504,91,a64cd9408329e05ae215539aaefe230fb5c19469f9e42b25b41a33033b605d7b,5,folded,,0.0,no_disorder_evidence,False,,,0,0.0,0,0
00000032,00000032,A8MTZ0,92,86f9988236df578ef2592d6778510b4afa2ff4ba1535c32b1390cbe69779e883,5,ebi_mobidb_lite,True,0.239130437374115,experimentally_curated_partially_disordered,True,DP04116,A8MTZ0,37,0.40217391304347827,25,2
00000033,00000033,P62304,92,8d3f2bd5a7b27e55461d2983ba5168bd26af653c8b8c17e4e12adac633e55b12,5,folded,,0.0,no_disorder_evidence,False,,,0,0.0,0,0
00000034,00000034,P33763,92,bc8ff4392d1a5bb279960afdb2d757e82c83395f5d3a97865c9ee3bea629272c,5,folded,,0.0,experimentally_curated_short_disorder,True,DP01552,P33763,15,0.16304347826086957,15,1
00000035,00000035,P80511,92,c903ef8262054b74c9b0b2237c3c1513dff55e0f912015ed0fdfa29929f4ed68,5,folded,False,0.0,no_disorder_evidence,False,,,0,0.0,0,0
00000036,00000036,O00626,93,b2aea46c316a3070e985a31466967f94e642ec729ddb15e0a29aa70cde4651b3,5,folded,False,0.0,no_disorder_evidence,False,,,0,0.0,0,0
00000037,00000037,P05109,93,5fb519363e7cef5984f83bfc1945fda06e6fc813339348ae7e3b28829df1ad5a,5,folded,,0.0,no_disorder_evidence,False,,,0,0.0,0,0
00000038,00000038,P23297,94,e380b7b66070d9c5ebf72cde7429d83c7d6816b4edaee3da1ee99be48b18441f,5,folded,,0.0,no_disorder_evidence,False,,,0,0.0,0,0
00000039,00000039,O95777,96,7da3a9cc9349e85075d03f8139df901835d634542526b673c8f489c7566579e0,5,folded,,0.0,no_disorder_evidence,False,,,0,0.0,0,0
00000040,00000040,2OCT,97,7307aada7658787a00c3dbf06b28bb5138ae9ac546bff7ac84c7a18fa3e1de46,5,folded,,0.0,no_disorder_evidence,False,,,0,0.0,0,0
00000041,00000041,A6NF83,97,21a4565ada232cd91dde68e7073c6b34fb28bb78aa2041030652abb7cec9a5f7,5,ebi_mobidb_lite,True,0.22680412232875824,experimentally_curated_fully_disordered,True,DP01159,A6NF83,97,1.0,97,3
00000042,00000042,P61927,97,4c3fcaec6e47af7897c4e0e68fdac7a85b74d027914c24b0ea9b6590ab35c329,5,folded,,0.0,no_disorder_evidence,False,,,0,0.0,0,0
00000043,00000043,P03901,98,9099050d0625129c12efcef0b583df5096e05f22bc7fe2133a42b9f328f3848d,5,folded,,0.0,no_disorder_evidence,False,,,0,0.0,0,0
00000044,00000044,P04080,98,a7ddfebcea7702ee56f5476e8f16a870bcad633b7d3a5a50b72392b44fbe2dd3,5,folded,,0.0,experimentally_curated_partially_disordered,True,DP01054,Q76LA1,67,0.6836734693877551,67,1
00000045,00000045,Q0VGL1,99,3373c1d6e615d74620837aa726af01280bf867d36c4e0afa389d1a24c09fbd17,5,folded,,0.0,no_disorder_evidence,False,,,0,0.0,0,0
00000046,00000046,Q86SG5,101,ffcf26f5345ec62f46dfc89c9aac08be91f9fef78574333ab254bd4bc82f8612,5,folded,False,0.0,no_disorder_evidence,False,,,0,0.0,0,0
00000047,00000047,Q9NPA8,101,b16533e447d0590cc84c3c2b659bf11696078d31c895f66a4273bc9abf90fd8a,5,folded,,0.0,no_disorder_evidence,False,,,0,0.0,0,0
00000048,00000048,Q9NZ42,101,7f4b0dd1e87e9574c87f7669672479abb435287e51d74d7a69234775cd56f0bd,5,folded,,0.0,no_disorder_evidence,False,,,0,0.0,0,0
00000049,00000049,P26447,101,60a42d819bede4863f8cd16fea9042f328cb5e0c50664e4dbedd5cac07071933,5,folded,,0.0,experimentally_curated_short_disorder,True,DP03228,P26447,11,0.10891089108910891,11,1
00000050,00000050,P61604,102,e4d2079e5cc6420a39ad4e244ed166dbeacd962fc998b1fa27f7d91ae0b3cfe1,5,folded,,0.0,no_disorder_evidence,False,,,0,0.0,0,0
00000051,00000051,P55000,103,1ed5dbcca3376bd86afb410c3972d08e9f6b734ba653a2d098b2a190e0558410,5,folded,,0.0,no_disorder_evidence,False,,,0,0.0,0,0
00000052,00000052,P62805,103,cef4bb8fb7b8677076cb40c5dcd728f3d037cfeef3f6b90276cc4509ac6da407,5,folded,,0.0,experimentally_curated_contains_idr,True,DP01390;DP02034,P62799;P62805,25,0.24271844660194175,25,3
00000053,00000053,Q9UK45,103,b76282643564af5d1cdd0135a3586cf9e0b6e59c8de44e857761fcb87a756a62,5,folded,,0.0,no_disorder_evidence,False,,,0,0.0,0,0
00000054,00000054,Q5U5X0,104,ea904279891c551f0b4d828627856c17215d0421e9ce9e1238c4f0511ecec3ac,5,folded,,0.0,no_disorder_evidence,False,,,0,0.0,0,0
00000055,00000055,A1B602,104,8c64a58bef95495cd99eac57a1ab80f282a801c82ef9a27ffcae3e40c7acfca9,5,af2_plddt_fallback,True,1.0,experimentally_curated_partially_disordered,True,DP03419,A1B602,44,0.4230769230769231,25,3
00000056,00000056,B8YB65,104,4fa7a492546131804aba0839a4ec8010fdf4ddf1c4decbe4c9b4a84c9fcfd345,5,ebi_mobidb_lite,True,0.6057692170143127,experimentally_curated_partially_disordered,True,DP01001,B8YB65,54,0.5192307692307693,32,4
00000057,00000057,P10599,105,b4e779decb4a567276d8385aefc4b0b7d43c5f6973b9f554511e6ca472f4fbc0,5,folded,,0.0,no_disorder_evidence,False,,,0,0.0,0,0
00000058,00000058,P99999,105,5e0b0254ee34f62546efdffc29fcf59e44b184deee0bce126d0a7541dccd6c13,5,folded,,0.0,no_disorder_evidence,False,,,0,0.0,0,0
00000059,00000059,A0A0H2ZJC1,105,20c0a44390e0545ff73d3ab6802495e94a6b508d35119721bd7031b89acbede6,5,ebi_mobidb_lite,True,1.0,experimentally_curated_fully_disordered,True,DP04159,A0A0H2ZJC1,84,0.8,55,2
00000060,00000060,3UPA,107,7baed0593aaa2de4747297014bacacb7bea1c33b095ed121b8a8f75c19fab1bd,5,folded,,0.0,no_disorder_evidence,False,,,0,0.0,0,0
00000061,00000061,P56278,107,8de39d423da1397ef4b34e5cbc6609b90aa855c73826225d03fe15be4350e927,5,folded,,0.0,no_disorder_evidence,False,,,0,0.0,0,0
00000062,00000062,af2_val_0_14839,107,de9f93373c7a22b99699ccaa54e0525a0a5f2bfcc7f774f55377740fa14b3a3a,5,folded,,0.0,no_disorder_evidence,False,,,0,0.0,0,0
00000063,00000063,P68106,108,39b0d8c15a36d623fb08a72aedcf35ebdd082059773c7cca3cd9d2f46e43b33d,5,folded,,0.0,no_disorder_evidence,False,,,0,0.0,0,0
00000064,00000064,A0A1B0GTR3,108,6a507778f3f2567bbc6fc65e8abc7991c49e7b3c6d67132ad6b8e55991a074d6,5,ebi_mobidb_lite,True,1.0,experimentally_curated_fully_disordered,True,DP03704,A0A1B0GTR3,108,1.0,108,1
00000065,00000065,Q9NZ45,108,17bb2cec3a3bbb5375f76542963759fa9fbd060398051d9fd66206f0c0310d92,5,folded,,0.0,no_disorder_evidence,False,,,0,0.0,0,0
00000066,00000066,Q9HD89,108,d9a426ca5ac18acdd4e6e0f30e1ad4b929d78152799802e3b6fd32108045c6c1,5,folded,,0.0,no_disorder_evidence,False,,,0,0.0,0,0
00000067,00000067,G1K3N3,108,f91b9066bbba6e147d543d00c0cf9172a23fdd0a29b2ab977a6d6d603cc11849,5,af2_plddt_fallback,True,1.0,experimentally_curated_partially_disordered,True,DP00933,G1K3N3,44,0.4074074074074074,44,1
00000068,00000068,P52657,109,84f3ebed87710d57e35e7b1d87716512d23433bd84b5aabc5cc8da3ea38278cb,5,folded,,0.0,no_disorder_evidence,False,,,0,0.0,0,0
00000069,00000069,P20472,110,03610edfd0355a605cdbfeccf14e703e684eb9979cfc55e43e3eb36879200d23,5,folded,,0.0,no_disorder_evidence,False,,,0,0.0,0,0
00000070,00000070,Q15369,112,b16f52f0d04b72927ee4e0cbe247b9d446ac4466ec87c4bf055470e04b94b895,5,folded,,0.0,no_disorder_evidence,False,,,0,0.0,0,0
00000071,00000071,P63172,113,ce0a50096aa716d4034c94af56f81a8ed7421834ee338f1049a54bbec0c7099e,5,folded,,0.0,no_disorder_evidence,False,,,0,0.0,0,0
00000072,00000072,P56279,114,b7b12c7fbe09f2a134061db602aae5508acb62faaea25598da2d3af722799f1d,5,folded,,0.0,no_disorder_evidence,False,,,0,0.0,0,0
00000073,00000073,2HP4,114,26e2deea3733314fa1a84e15fddad3b51b5b7169f06a583cc125c9a47dc80002,5,folded,,0.0,no_disorder_evidence,False,,,0,0.0,0,0
00000074,00000074,P06702,114,c35efd5e1938b6db97cf4e54dd62ced8f3f181a6c791b3e8b251868a5aed5ce1,5,folded,,0.0,experimentally_curated_contains_idr,True,DP04125,P06702,28,0.24561403508771928,28,1
00000075,00000075,P03897,115,c119e5094cc9e80a0e04708fab344c7a2bb8ff7c6226481b908b2b199f4fdc72,5,folded,,0.0,no_disorder_evidence,False,,,0,0.0,0,0
00000076,00000076,P14174,115,6fcd7510546f6916475197b4cc685730be47749ee22261b24813a38c97516602,5,folded,,0.0,no_disorder_evidence,False,,,0,0.0,0,0
00000077,00000077,P62888,115,73ede4df4cd38c138866b48586e80dff0ea55da721015eefaf1d3a70b532a18e,5,folded,,0.0,no_disorder_evidence,False,,,0,0.0,0,0
00000078,00000078,P0C5Z0,115,51d6e593ccfe28329d3ac1a79cf8114e7e8c4d8ccd3f15c2e8af000eee911006,5,folded,,0.0,no_disorder_evidence,False,,,0,0.0,0,0
00000079,00000079,Q16718,116,7937bf62bc38c8ace293122cc2c8404657f0f17a8878cf309b621b94e755557c,5,folded,,0.0,no_disorder_evidence,False,,,0,0.0,0,0
00000080,00000080,P01825,116,fb0a5eae0a79dc046aae485b988104195e9df589f6f92c75e119c0fccd1b9a69,5,folded,,0.0,no_disorder_evidence,False,,,0,0.0,0,0
00000081,00000081,P01215,116,3b00b149fb9cf76d98fbab9327d727d266a58f1ac0fa000d29ca8cc0d91516f7,5,folded,False,0.0,experimentally_curated_partially_disordered,True,DP02922,P01215,35,0.3017241379310345,25,2
00000082,00000082,P01764,117,d7a7e969afe9c93d024d1da45187b65e1f4e0ba7cc54dc3a9cf0949807aa66b0,5,folded,,0.0,no_disorder_evidence,False,,,0,0.0,0,0
00000083,00000083,P23083,117,146e58f1815b14e9e6187041b19b3bf90b7c91366c13b0fbeda7812f9b9c96a1,5,folded,,0.0,no_disorder_evidence,False,,,0,0.0,0,0
00000084,00000084,O95166,117,299c474e44fa002b96aa71ec2e589f191e872f3d0e186fad7376fe89714d0b08,5,folded,,0.0,no_disorder_evidence,False,,,0,0.0,0,0
00000085,00000085,P01597,117,be6f043484cb522466e48e6b3e32df07e1c1da0e39b1067eb05420ba2c77fa23,5,folded,,0.0,no_disorder_evidence,False,,,0,0.0,0,0
00000086,00000086,P62316,118,7c85b904a2049dec5c358d8639ee15af3ec5754f5eb0707659b7b4daf57fce83,5,folded,,0.0,no_disorder_evidence,False,,,0,0.0,0,0
00000087,00000087,Q13541,118,e3117ed0ded827072d1fc70299f6dabc5e50c31afcbd0057a5cee9f6dc2816b1,5,ebi_mobidb_lite,True,0.8389830589294434,experimentally_curated_fully_disordered,True,DP00028,Q13541,118,1.0,118,5
00000088,00000088,Q15370,118,ec09e9b6c6a9f5db6f68d95098849dc5cb9335fa67c0a831522cb37163386ce8,5,folded,,0.0,no_disorder_evidence,False,,,0,0.0,0,0
00000089,00000089,P62314,119,c2a46b9076e49c3419da266058c4927756ece109bdecf8a0e1eb5632cf8e633b,5,folded,,0.0,no_disorder_evidence,False,,,0,0.0,0,0
00000090,00000090,P61769,119,c319ce623de7d59e9e73c6daf7ec603d5e5ed48358f54b97d1eccdc3c9bf693b,5,folded,,0.0,no_disorder_evidence,False,,,0,0.0,0,0
00000091,00000091,O95298,119,2f66674b83e55ee302a988e84baef40eff41b78011000fd17b582fb0582a77e7,5,folded,,0.0,no_disorder_evidence,False,,,0,0.0,0,0
00000092,00000092,P04437,119,91e26e7db06c7ea10b2a088fe72041ea27fcfadab6930761f1335a5724343da2,5,folded,,0.0,no_disorder_evidence,False,,,0,0.0,0,0
00000093,00000093,3ZHD,119,8cfdc2b218b819f09ed4e1d25ff6bcadecc0519c7c720f04b6e692166d14ba10,5,folded,,0.0,no_disorder_evidence,False,,,0,0.0,0,0
00000094,00000094,D8SB57,119,d28c6bdad97328e27612e84e309cb8d9243c9f76273b7b654bf9bb4b2bfb83bd,5,af2_plddt_fallback,True,1.0,experimentally_curated_short_disorder,True,DP03920,D8SB57,14,0.11764705882352941,14,1
00000095,00000095,P01615,120,cec9eb101aaf5c8fa53369da5c72ed99a53361dfb0a26f583e57bd58efd63d5d,5,folded,,0.0,no_disorder_evidence,False,,,0,0.0,0,0
00000096,00000096,Q9H492,121,33a0233648d89771340ba76bb2227ce4ceb24c1737beda97eb1589104681ec7e,5,folded,,0.0,no_disorder_evidence,False,,,0,0.0,0,0
00000097,00000097,P0DJI8,122,7f125296357f8831b267e3f3cccb6b59194a6c1b79f418c9c8391bf508a965ce,5,folded,,0.0,experimentally_curated_short_disorder,True,DP03081,P0DJI8,12,0.09836065573770492,12,1
00000098,00000098,P0DJI9,122,35b89c49a6af119ca2cba9204c71dd33a2da641310a201a07feaf6212947ba68,5,folded,,0.0,no_disorder_evidence,False,,,0,0.0,0,0
00000099,00000099,P47224,123,c6489a94256158fab1974ecd03c45b107ea9fa2d72a4ca7f5e5f8acd82e7e7fd,5,folded,,0.0,no_disorder_evidence,False,,,0,0.0,0,0
00000100,00000100,Q9UHA4,124,f0114914a7a9847e6770cd2ca00d4838a421eef2467a47d10807d53078a8322f,5,folded,,0.0,no_disorder_evidence,False,,,0,0.0,0,0
00000101,00000101,O14907,124,79ad8ed4c19152e312b28dacb32627cd36d8c69db2e1b61b3f57f0ff74c11b27,5,folded,,0.0,experimentally_curated_short_disorder,True,DP04287,O14907,22,0.1774193548387097,12,2
00000102,00000102,Q9Y2Q5,125,40ea9704cb9bac757cca8d6e884eb4e8916b20e15301fe07e42150c80a62e269,5,folded,,0.0,no_disorder_evidence,False,,,0,0.0,0,0
00000103,00000103,P82932,125,b49112bcc6072ade39f12328824ae2abd590dc7cd6a4b893e532e0bc629aa0e6,5,folded,,0.0,no_disorder_evidence,False,,,0,0.0,0,0
00000104,00000104,Q9GZQ8,125,106a8b3fd850c7c58d45cc6db56755ed1b061bad0e2c37bbd6ce686387ecd79b,5,folded,,0.0,no_disorder_evidence,False,,,0,0.0,0,0
00000105,00000105,Q99879,126,01ab6ffeb9a69a50cd0992f112e2dd9302a59f284441c57a86271bdd00547e1b,5,folded,,0.0,no_disorder_evidence,False,,,0,0.0,0,0
00000106,00000106,P62318,126,a9fe5b486c4ac81f7f0aeb38f96655c054001fe0dc947aff0e59cbfb9d65d4c5,5,folded,,0.0,experimentally_curated_partially_disordered,True,DP01704,P62318,45,0.35714285714285715,45,1
00000107,00000107,Q5QNW6,126,215ef131241ebe8952760a51fee7e0cd960c9d8ddb0d077d37e69693c9d49404,5,folded,,0.0,no_disorder_evidence,False,,,0,0.0,0,0
00000108,00000108,P33778,126,42b128a5e37d2eccfbf6575602c6e20263e963c4b59e434052213bba1900d0c8,5,folded,,0.0,no_disorder_evidence,False,,,0,0.0,0,0
00000109,00000109,Q8N257,126,b34326c3dbcaf3ad57100eeefe3c1c966518cddec23ebc94a16b1db1f3b67f63,5,folded,,0.0,no_disorder_evidence,False,,,0,0.0,0,0
00000110,00000110,Q99880,126,6bf1f9938bf14d572bee837aab21330cddad7cdceaebc0be270a057d12081fbe,5,folded,,0.0,no_disorder_evidence,False,,,0,0.0,0,0
00000111,00000111,G0SCY6,126,8fc0814bf7fcc5771baf297700596092b8ce84c2f4a0fd10617d3850af7bc461,5,ebi_mobidb_lite,True,0.4444444477558136,experimentally_curated_partially_disordered,True,DP01398,G0SCY6,39,0.30952380952380953,25,2
00000112,00000112,P57053,126,968a806839d4b4a25c507ececf476af28d77cf3a0757a14fa8eacc68eeae4f4d,5,folded,,0.0,no_disorder_evidence,False,,,0,0.0,0,0
00000113,00000113,P58876,126,f76df5433f06962603d6d45ebca8ba2375fcca1c1473c5de7c1b31fb5667a1d7,5,folded,,0.0,no_disorder_evidence,False,,,0,0.0,0,0
00000114,00000114,P62807,126,379176b09a0137ab6e8878ddc58c2ade3b4029374ae16b8f7a34d9d38630b48f,5,folded,,0.0,no_disorder_evidence,False,,,0,0.0,0,0
00000115,00000115,P06899,126,0ce53cfdc2845990b5594e56fd6a905036ca5787ab38047a5e56777666c5eff3,5,folded,,0.0,experimentally_curated_partially_disordered,True,DP01158,P06899,38,0.30158730158730157,38,1
00000116,00000116,Q9BRT2,126,f0010c30a821452e13187c945d70458e3179470d60b3853b15c905cd9d991d98,5,folded,False,0.0,no_disorder_evidence,False,,,0,0.0,0,0
00000117,00000117,O60814,126,05293671125e0988cd7b08ef6585eea00a5490dfc82d07f4d9e455b664add557,5,folded,,0.0,no_disorder_evidence,False,,,0,0.0,0,0
00000118,00000118,P23527,126,f699f9facc071fd87fef7e2d195249c4b47436d7e68a62c8e1a70aa5daf9f92a,5,folded,,0.0,no_disorder_evidence,False,,,0,0.0,0,0
00000119,00000119,Q99877,126,a407bbcb7983f141cc126758bb4f0867fa0f0b29cf594af8a071d6e5165ca0c3,5,folded,,0.0,no_disorder_evidence,False,,,0,0.0,0,0
00000120,00000120,Q9Y5J5,127,9bcf0b1f05e86fa0c092821d6f55afef2b8673bc722d162a221de023cfb21207,5,folded,,0.0,no_disorder_evidence,False,,,0,0.0,0,0
00000121,00000121,P61970,127,decb771d32e70a2f214aff7e89fd2c5cc24e1adb3bb4cc15f5b03981abeb9c28,5,folded,,0.0,no_disorder_evidence,False,,,0,0.0,0,0
00000122,00000122,P0C7P0,127,71d8db29e0887e4bf6e10cba5d29bca6bcb9e3f8de9187a31dd57ea17bd1a901,5,folded,,0.0,no_disorder_evidence,False,,,0,0.0,0,0
00000123,00000123,P56556,128,355075af4340ac1f3765f83ec2a115ecbf0dd2146d44640a5cb1740db9f43456,5,folded,,0.0,no_disorder_evidence,False,,,0,0.0,0,0
00000124,00000124,O95988,128,5c5a45d1b2dbaed67f095cbf14ba088a08c8a2d531c8765e80c89f830357a352,5,folded,,0.0,no_disorder_evidence,False,,,0,0.0,0,0
00000125,00000125,Q16777,129,271da80f28003e9a36c0a72bfd37d7ca400261852d8ac4b8b3951ad7bd5a2d19,5,folded,,0.0,no_disorder_evidence,False,,,0,0.0,0,0
00000126,00000126,Q9BUE6,129,f47e3663beeeeb6ef76f40fe7e73cf94fc987d7f49a27da4b9d37e666e6dab24,5,folded,,0.0,no_disorder_evidence,False,,,0,0.0,0,0
00000127,00000127,Q03403,129,f4f3c42839778db121150b11416eff79946b9d0424bcca06b4723ef39a518de5,5,folded,,0.0,no_disorder_evidence,False,,,0,0.0,0,0
00000128,00000128,P35542,130,fb44ab6ef6347a5b63ce63cb7eabe3bd2ef448c0e211384d2995890b6f962667,5,folded,,0.0,no_disorder_evidence,False,,,0,0.0,0,0
00000129,00000129,P0C0S8,130,ecb6e6398d4b5254c1a5fdec756b4a48e66e1e94a7e40d0eec67c4fcbbf0b19b,5,folded,,0.0,no_disorder_evidence,False,,,0,0.0,0,0
00000130,00000130,Q86YW7,130,1b05b9964872659ea325cc9598a4fc02c2d0a620ed33aefa0e23dc0f1d71f1c8,5,folded,False,0.0,no_disorder_evidence,False,,,0,0.0,0,0
00000131,00000131,P02689,132,7607fdd0400b6b28176e28540f0d270b7e6ce0977358c3672919fa9906560412,5,folded,,0.0,no_disorder_evidence,False,,,0,0.0,0,0
00000132,00000132,P15090,132,0245deffad73dcd5cf0c8f7c09aef20860fbe11c1fb839049bce6dd95819195c,5,folded,,0.0,no_disorder_evidence,False,,,0,0.0,0,0
00000133,00000133,P62847,133,052e47ca9b6bf71afee9b7d343dc6a30ec86fb03ec890b3c8d4d3a136f96f0c9,5,folded,False,0.0,no_disorder_evidence,False,,,0,0.0,0,0
00000134,00000134,O95925,133,9dbf14f698855fe501b7cbaa2154f3219f30ce34ace535fe09709812f9bc453b,5,folded,,0.0,no_disorder_evidence,False,,,0,0.0,0,0
00000135,00000135,1SEN,134,5567b5f15c52e41228c8326d25e8c17d92120d23699fc06687e1b6c72debd3cd,5,folded,,0.0,no_disorder_evidence,False,,,0,0.0,0,0
00000136,00000136,Q01469,135,c2605143e7573a8e4485a8559fa67e5a99f862682b894e9c3a1302296f6f5efe,5,folded,False,0.0,no_disorder_evidence,False,,,0,0.0,0,0
00000137,00000137,1GQV,135,7e29d58baf7d33676c70f8971457e724e07e0270df4c9e083de874f408e19694,5,folded,,0.0,no_disorder_evidence,False,,,0,0.0,0,0
00000138,00000138,2HNX,136,f0d638adffe21e7517fc928b6b1b0bd62c0c14755f88bd85d4db2d88dbe94765,5,folded,,0.0,no_disorder_evidence,False,,,0,0.0,0,0
00000139,00000139,A0A1Z3GD08,136,e03bbfe2884472a1586e8f281ec2c58d2cef56c8f8b310e09485a2e56bfea0fe,5,ebi_mobidb_lite,True,0.18382352590560913,experimentally_curated_fully_disordered,True,DP01789,A0A1Z3GD08,136,1.0,136,7
00000140,00000140,Q8N6L1,136,44ac17d29f7277ebeca6d34921f74b0bf1cfb373b6b146dcb978e042e912bdb2,5,folded,,0.0,no_disorder_evidence,False,,,0,0.0,0,0
00000141,00000141,P46779,137,db54e0cc67d4543182067c96386574a9d044f48e1c45eac6c7a394f9fb07e8c6,5,folded,,0.0,no_disorder_evidence,False,,,0,0.0,0,0
00000142,00000142,A0A1Z3GD05,138,194975a07d292c6ebaa54f199e250fbabe70d42c31cccdc568524f4e97886c08,5,ebi_mobidb_lite,True,0.34057971835136414,experimentally_curated_fully_disordered,True,DP01787,A0A1Z3GD05,138,1.0,138,7
00000143,00000143,P42772,138,5ed6a8a4bcd54823829711c260a5f87c333c80936b1f87bcab7b2cd70410d44a,5,folded,,0.0,no_disorder_evidence,False,,,0,0.0,0,0
00000144,00000144,O15235,138,b41639f3703a7d412a67d4c0490af69ffa164ab108e6d24303202cc34245ffb8,5,folded,,0.0,no_disorder_evidence,False,,,0,0.0,0,0
00000145,00000145,Q8TCE9,139,adf8d4d5461a308c12ab93963b81d30b58a554ce81141439cb4a42312338adbb,5,folded,,0.0,no_disorder_evidence,False,,,0,0.0,0,0
00000146,00000146,A0AAI7ZGD2,139,3ee711b4acc021a0bb01ffca8ca1377c5a8f97df0e5037c1f9e3775f3926fbf8,5,af2_plddt_fallback,True,1.0,experimentally_curated_contains_idr,True,DP04391,A0AAI7ZGD2,28,0.2014388489208633,28,2
00000147,00000147,E1BSW7,139,2065d32ae75eedf14d01b8442756bb06d34c9a4db06c9011261b9b8afc45f644,5,ebi_mobidb_lite,True,0.2949640154838562,experimentally_curated_contains_idr,True,DP02079,E1BSW7,33,0.23741007194244604,33,1
00000148,00000148,P01848,140,89a5ca800630639f757e77e2cb94adfc9a3f191515d773d57d20b978cf40a513,5,folded,,0.0,no_disorder_evidence,False,,,0,0.0,0,0
00000149,00000149,P0DI82,140,0526a532f220d3059b952a989020846c327ce87632bf3af30fff30251f78a2cf,5,folded,,0.0,no_disorder_evidence,False,,,0,0.0,0,0
00000150,00000150,O75817,140,a1ab6c7c0029fa970d2280bd41f036eab279fc9b1946237d9f32fa79d00fe37a,5,folded,,0.0,experimentally_curated_contains_idr,True,DP02615,O75817,28,0.2,28,1
00000151,00000151,P07737,140,9de700e779fda852223fbbdf9d6b517a5c6cfe574e634ffbeff6e358e7a32301,5,folded,,0.0,no_disorder_evidence,False,,,0,0.0,0,0
00000152,00000152,P37840,140,9a06387610edd099466d614941c42a433f444feb6a8f25375bb0b6ad8ec9c6f4,5,ebi_mobidb_lite,True,0.2928571403026581,experimentally_curated_fully_disordered,True,DP00070,P37840,140,1.0,140,12
00000153,00000153,Q86Y39,141,568ba2eeee02ece26f63aaf0660b577e825be64915802292a3c5be349a85d90a,5,folded,,0.0,no_disorder_evidence,False,,,0,0.0,0,0
00000154,00000154,P53680,142,eb272256c8e4d319612915a6cfd2bab45bdaf1682b2bd8278b8b944a6b7849a3,5,folded,False,0.0,no_disorder_evidence,False,,,0,0.0,0,0
00000155,00000155,P83876,142,281ef8f8dbce779f1fefd8a18b7d88139cbee34ea1a45862cc4b34fb4fdec01e,5,folded,,0.0,no_disorder_evidence,False,,,0,0.0,0,0
00000156,00000156,Q9NPJ8,142,6ef9c84e13ac136314d67f357a46087b02ea59ecb3777f67274e1e35695e40d4,5,folded,,0.0,no_disorder_evidence,False,,,0,0.0,0,0
00000157,00000157,D2JX42,143,9bf5634e948ad08d4d236e094e0f01e7344ba374c606dc5cfb3d8adb0023fd05,5,ebi_mobidb_lite,True,0.23076923191547394,experimentally_curated_fully_disordered,True,DP01786,D2JX42,143,1.0,143,4
00000158,00000158,Q9Y587,144,f007ef177cb66470cb105a28a96b8cabe9313aa6755a0317d2f44b4aad2feadb,5,folded,,0.0,no_disorder_evidence,False,,,0,0.0,0,0
00000159,00000159,1QDD,144,cf1cd888faeb25ea7bb6aa587f42b64af2d2c8208ff6fdb824c06250afce3ebd,5,folded,,0.0,no_disorder_evidence,False,,,0,0.0,0,0
00000160,00000160,O95406,144,8c14069b532e08a2c5019ca3955a88de9db4d8a8dfa6daadaf0f89101488e6fc,5,folded,,0.0,no_disorder_evidence,False,,,0,0.0,0,0
00000161,00000161,Q9Y547,144,83349d0fb2506a0eb6f53eb52bf19cd183e96231b6cdd87169d953e54bbe8a57,5,folded,,0.0,no_disorder_evidence,False,,,0,0.0,0,0
00000162,00000162,Q9P0J0,144,7de81bcead1914a2202f8fd8a33220f32f5d9980c423ace70248697260f2789a,5,folded,False,0.0,no_disorder_evidence,False,,,0,0.0,0,0
00000163,00000163,P39019,145,a6929136b8ee476972596cf1fcbc6dbb0fbb7d7dcbd458c817e0b867d39c069a,5,folded,,0.0,no_disorder_evidence,False,,,0,0.0,0,0
00000164,00000164,Q03393,145,786aa563767b0f49961cd72c56fceec9ba2226e3ec11b8a4509826570cb5dd08,5,folded,,0.0,no_disorder_evidence,False,,,0,0.0,0,0
00000165,00000165,D1M863,145,cce74954ec7c4ac67dc1a40682259a35cffb40770943aae83db34f01695aafd0,5,ebi_mobidb_lite,True,0.35862070322036743,experimentally_curated_contains_idr,True,DP03780,D1M863,25,0.1724137931034483,25,1
00000166,00000166,P62841,145,d1eb8ca9961aeeac61ca2ecb0722f6c4ba6dd43d02e715b30790573eac07203f,5,folded,,0.0,no_disorder_evidence,False,,,0,0.0,0,0
00000167,00000167,P01034,146,ae318b9c984ac98282b8d8d26efeb80882b188d148dd7cd8f4e5df4c95969d19,5,folded,,0.0,experimentally_curated_short_disorder,True,DP03297,P01034,11,0.07534246575342465,11,2
00000168,00000168,Q8NDC4,146,fee744050fc8896b21802ac7ce01ffa408b7d7fa08c642ef4934d1819a3db622,5,folded,,0.0,no_disorder_evidence,False,,,0,0.0,0,0
00000169,00000169,P32320,146,6bac7f2ffc270dc95b451aae54c85ce01ab5e4f15f7ced5e397d76fe1501dea2,5,folded,,0.0,no_disorder_evidence,False,,,0,0.0,0,0
00000170,00000170,Q9BXW4,147,7980cf610d92130b2c166a007922d6630c4ab54a8bf40944e1d2f981d27f50ac,5,folded,,0.0,experimentally_curated_short_disorder,True,DP03711,Q9BXW4,12,0.08163265306122448,12,1
00000171,00000171,Q96E14,147,4fdcf8922d12a9974529e5c5afb43a6a54f2d6521cec08bd6da11959462a00bb,5,folded,,0.0,experimentally_curated_short_disorder,True,DP02895,Q96E14,16,0.10884353741496598,16,1
00000172,00000172,P51668,147,fcf427cbe5ff04856b1bb5c6ce7a579c99d785d05374b2747a88017e1f5e0c25,5,folded,,0.0,no_disorder_evidence,False,,,0,0.0,0,0
00000173,00000173,P69891,147,1fab31d54b6ed8c51ed9346bfffcb549fcea34e238e7f82c4185ee40ee0a68a9,5,folded,,0.0,no_disorder_evidence,False,,,0,0.0,0,0
00000174,00000174,Q13404,147,cf674d367854d6476628ce5c3f0fc56d9d45bd4738f21aaaf0fcb3f43a5ed249,5,folded,,0.0,no_disorder_evidence,False,,,0,0.0,0,0
00000175,00000175,P02042,147,70a33e374ebbb5b792cfa6778beea2b718afac8eb470b1ee3e64e46bd3101c1e,5,folded,,0.0,no_disorder_evidence,False,,,0,0.0,0,0
00000176,00000176,P03950,147,909597435fc4ddd2cdcb268302078a46cbb2aaee211ea5d8afe045ac3ff65593,5,folded,,0.0,no_disorder_evidence,False,,,0,0.0,0,0
00000177,00000177,P68871,147,9ebf320eb707d71644444fe5006ed58af56a0bf0ec9568eb6a3a65e0e8191465,5,folded,,0.0,no_disorder_evidence,False,,,0,0.0,0,0
00000178,00000178,P56851,147,681f190c6d63c129c3bc77ae04569dd076f59556c8f30c3bea6893057503cc92,5,folded,,0.0,no_disorder_evidence,False,,,0,0.0,0,0
00000179,00000179,Q04837,148,2113760e4ec69f17cb2c8c2ef47b17a368de16bbb782344f284ede2e49756fcc,5,folded,,0.0,no_disorder_evidence,False,,,0,0.0,0,0
00000180,00000180,Q9NRP0,149,ad190fb28a00901c9eea8efc86bfa70a9a868da3a6a4da3e3514b851ba60adb2,5,folded,,0.0,no_disorder_evidence,False,,,0,0.0,0,0
00000181,00000181,Q9NX01,149,f58a2d347f3664830a18b1d029b84edfb459d01ec38307dfbbd7dc7c323ec751,5,folded,,0.0,no_disorder_evidence,False,,,0,0.0,0,0
00000182,00000182,Q9BVJ7,150,87d2202274d7020dce21b06888b06f65ff34bcf853b338255d83d3b062087821,5,folded,,0.0,no_disorder_evidence,False,,,0,0.0,0,0
00000183,00000183,E9AD06,150,1030d73f977baf7d4f1137a6ba87ea162a11d64884c614fcebc855a3af7c8e69,5,af2_plddt_fallback,True,1.0,experimentally_curated_partially_disordered,True,DP03850,E9AD06,66,0.44,66,1
00000184,00000184,A4C1A5,150,862af2e0ceb86b0f1f1764dccefb847359c0e0d7149a9e588a4bcef6f5cbd7f3,5,ebi_mobidb_lite,True,0.40666666626930237,experimentally_curated_partially_disordered,True,DP01968,A4C1A5,86,0.5733333333333334,86,1
00000185,00000185,A0A078IB52,150,918446de5ce9e98b77e4336ade5fbd83e0a2d6c65ca4e4718e379f7d78f97522,5,ebi_mobidb_lite,True,1.0,experimentally_curated_fully_disordered,True,DP04200,A0A078IB52,150,1.0,150,1
00000186,00000186,P20674,150,2e80bf11dc937ba8b1d34e30ac787b6ade6f530c8d7f949e2cb44d143e73e203,5,folded,False,0.0,no_disorder_evidence,False,,,0,0.0,0,0
00000187,00000187,Q96B02,151,47e2ed149f28fb0da121a4f41074066a2b9082bc579ad4a2f20ce3a0c4cd3727,5,folded,,0.0,experimentally_curated_short_disorder,True,DP01337,Q96B02,10,0.06622516556291391,10,1
00000188,00000188,A0A1Y0DDB3,151,4d27ac6155881b94e24aad49b0891dd253de6bd9b77726707bfb021ea1b39d8a,5,af2_plddt_fallback,True,1.0,experimentally_curated_contains_idr,True,DP03615,A0A1Y0DDB3,37,0.24503311258278146,26,2
00000189,00000189,P61916,151,5dab70c3c4bba9e040d3c6244326da671d56ba2c8176fca497bc4d17e33b4068,5,folded,,0.0,no_disorder_evidence,False,,,0,0.0,0,0
00000190,00000190,P62277,151,f54dcdf08c1bb1cdf5df8ce547737d6e598b697d4815c2adbf3f3151a0491a07,5,folded,,0.0,no_disorder_evidence,False,,,0,0.0,0,0
00000191,00000191,P15531,152,0a05f736b29dbbed80036947282a91d148f76466e220161f4eb923fd44c16765,5,folded,,0.0,no_disorder_evidence,False,,,0,0.0,0,0
00000192,00000192,P08700,152,debf464cb74eee024d4aec85ed286cda1e3b9ae5a9768fcf6f4dac58a5ba1bcb,5,folded,,0.0,no_disorder_evidence,False,,,0,0.0,0,0
00000193,00000193,Q5J8X5,152,a138b757666af0983a8d9d5b8566982b6b9b6016bffe39f81853808cf75c59ae,5,folded,,0.0,no_disorder_evidence,False,,,0,0.0,0,0
00000194,00000194,P61088,152,708d6fc49ddb2bdac919ecf717bcf75265c6dbee24e01771645366fd53169961,5,folded,,0.0,no_disorder_evidence,False,,,0,0.0,0,0
00000195,00000195,4R0B,153,6228544622d76bdce911d7f7424431423ef8d4ff4f02d18312f0e5efce8d87f2,5,folded,,0.0,no_disorder_evidence,False,,,0,0.0,0,0
00000196,00000196,O14933,153,ffd6f30bc4c1c8cd03a9406dedffbaba7ad288dc95a6d3e0b72163dd16bb1ee6,5,folded,,0.0,no_disorder_evidence,False,,,0,0.0,0,0
00000197,00000197,Q9Y534,153,1a73e5d4cb5e3cb58982fd4bca757e8544640cc94d2ce1f2d8a24f80b452ecf1,5,folded,,0.0,no_disorder_evidence,False,,,0,0.0,0,0
00000198,00000198,P21145,153,b5ed30f1dad1105402f9cda8bdee6eae224f6f66b9fb394de025ba0f2a600564,5,folded,,0.0,no_disorder_evidence,False,,,0,0.0,0,0
00000199,00000199,P05112,153,aaeb8cf7fddcda22e6ae17eda53418fa7713e84f73ee90a47a706d654d4132de,5,folded,,0.0,no_disorder_evidence,False,,,0,0.0,0,0
00000200,00000200,P60568,153,e667127c8e1b5595f8cdcba9c81b3a15ee9c5eb1a5db018c3e84839b66318365,5,af2_plddt_fallback,True,1.0,conformational_proxy_only,False,,,0,0.0,0,0
00000201,00000201,Q13021,153,b442a52a7c400ad4aa3bb94d971265726f934e656f3db0d09f8113978f8a7984,5,folded,,0.0,no_disorder_evidence,False,,,0,0.0,0,0
00000202,00000202,Q9NX24,153,d6ee5cd74bf0486420e32bbe8510aa64651d332ddc2d01ee3752760973d7add7,5,folded,,0.0,experimentally_curated_contains_idr,True,DP04252,Q9NX24,22,0.1437908496732026,22,1
00000203,00000203,P00441,154,c56903dca972575883387736442f68a5206604d08604ddeb8dbc2e3f25a9f76d,5,folded,,0.0,experimentally_curated_short_disorder,True,DP00652,P00441,26,0.16883116883116883,16,2
00000204,00000204,P68036,154,2efbdf5de663979bb82829a050efd027644040303b95d571caa5d39e809b644b,5,folded,,0.0,no_disorder_evidence,False,,,0,0.0,0,0
00000205,00000205,Q96PC3,154,be6248af2faedac45e5ad79002a711549b7ef8e4ded01aa5a733542bf9df4a52,5,folded,False,0.0,no_disorder_evidence,False,,,0,0.0,0,0
00000206,00000206,Q99471,154,43ab2c6c68cfc65de2cf87ba188f807a850286399e6e15606208e2df43fe2ae7,5,folded,,0.0,no_disorder_evidence,False,,,0,0.0,0,0
00000207,00000207,P27449,155,ced00862aaaf78f3139591a5a6bae3f17d2deaefb333c9b830ac489b44c839e1,5,folded,,0.0,no_disorder_evidence,False,,,0,0.0,0,0
00000208,00000208,A1KVD0,155,316a93d119d2f9b1dde73bb8cba127f9e085f69fbac7feed31b8b94e3bfd7c41,5,af2_plddt_fallback,True,1.0,experimentally_curated_short_disorder,True,DP03583,A1KVD0,13,0.08387096774193549,13,1
00000209,00000209,Q9UBH0,155,2f4bf5eba96080ac50123d128dbdcfda305621807b4d9036bf85ebde0b2bd474,5,folded,False,0.0,no_disorder_evidence,False,,,0,0.0,0,0
00000210,00000210,D6PZY5,156,700d5f51f2ef9248de23bfdd1ab489e07d5b79c8113b5a05a08e4a2f670cbacf,5,ebi_mobidb_lite,True,0.5769230723381042,experimentally_curated_partially_disordered,True,DP01553,D6PZY5,71,0.4551282051282051,71,1
00000211,00000211,P07998,156,ef99ddc96efe16fcbd46d0a92826cb22f176371dc0255f212fae6b672dc79d06,5,folded,,0.0,no_disorder_evidence,False,,,0,0.0,0,0
00000212,00000212,O95807,157,6fa1c9aaca811b7c4e51990f4ff9865178313e04831c39b63fc9863859643f43,5,folded,,0.0,no_disorder_evidence,False,,,0,0.0,0,0
00000213,00000213,Q9UHA7,158,af3552547426e9cc6e77ccf7009b64c2c0c67fcad676ea6cdf46f3d2b634f9ed,5,folded,False,0.0,no_disorder_evidence,False,,,0,0.0,0,0
00000214,00000214,P61966,158,a4412e17591487b36e26daa44705d9a3cb1281eb3bbc1306343d13adcb0213a8,5,folded,False,0.0,no_disorder_evidence,False,,,0,0.0,0,0
00000215,00000215,P62280,158,2a536d9bb8c18c590b8c2cc99bf26360e3ddeb9679d4711267e2234d8d354108,5,folded,,0.0,no_disorder_evidence,False,,,0,0.0,0,0
00000216,00000216,P78543,158,b40649dd1bbb5fd7a96f3c5b0a69b6a40fddcd7390314a2051d26a026d214f57,5,folded,,0.0,no_disorder_evidence,False,,,0,0.0,0,0
00000217,00000217,P24666,158,be45c56b8013a63910901092f6632668245c4213cac89407b891c25e7721ba0e,5,folded,,0.0,no_disorder_evidence,False,,,0,0.0,0,0
00000218,00000218,Q86SZ2,158,243514622fbf5793c1cda40f23ef243d63c888a1bd4ce39ee0286fa99e8b1124,5,folded,,0.0,no_disorder_evidence,False,,,0,0.0,0,0
00000219,00000219,O14521,159,c7fa6ef9b8c757efcb29df4283bb3859b3b3f5235e9c94b266d039cd3b78211e,5,folded,,0.0,no_disorder_evidence,False,,,0,0.0,0,0
00000220,00000220,Q01453,160,ee94995b827178fca16d1229d0d31460dcb47aba059fe1bbc3bcad028f8f8827,5,folded,,0.0,no_disorder_evidence,False,,,0,0.0,0,0
00000221,00000221,Q6PI25,160,5b43747fbbfc2fce49fd39c03374757dfba2a440e212b83d6b8301015d2bb6fc,5,folded,,0.0,no_disorder_evidence,False,,,0,0.0,0,0
00000222,00000222,Q9Y6Y9,160,cc6051cc087ee7754ce05ac28b3e20fc0ba4908ece9a5f529acfbd9a9a5b1314,5,folded,,0.0,no_disorder_evidence,False,,,0,0.0,0,0
00000223,00000223,C6ECL5,161,90f55f7815f1b43d1196fa025efd3e587d625528ee22ef2865e5273cdb828267,5,ebi_mobidb_lite,True,0.13664595782756805,experimentally_curated_contains_idr,True,DP02077,C6ECL5,47,0.2919254658385093,29,2
00000224,00000224,P20292,161,79c4fb50b32b27208d2466d10cdcab1cde6127125a76a5a1aecc5fcbb8e2148c,5,folded,,0.0,no_disorder_evidence,False,,,0,0.0,0,0
00000225,00000225,P10153,161,6a5979cb1af1d425acb2423496ad3ed7d357552b2732245d3732fa9c6b3ec38b,5,folded,,0.0,no_disorder_evidence,False,,,0,0.0,0,0
00000226,00000226,Q8TDP1,164,05e64ba6494a89fd17fcd5e5c93700a07fb63f2b0b3adf32991112817a84ffa6,5,folded,,0.0,experimentally_curated_contains_idr,True,DP03907,Q8TDP1,44,0.2682926829268293,31,3
00000227,00000227,Q9UKJ5,165,9c59af5348ba0dd8c218a4b727b4044a080dddb36e901045fbcaaad72f129380,5,folded,,0.0,no_disorder_evidence,False,,,0,0.0,0,0
00000228,00000228,Q16617,165,f93a972acffe2ad82f26bc18fc91554588e609715a63e56f63a3fe82d55206ee,5,folded,,0.0,no_disorder_evidence,False,,,0,0.0,0,0
00000229,00000229,P62937,165,71376b3a50a1cc063e09d51d93e09c4aacc3b77edd60a922db188157a62b0de4,5,folded,,0.0,no_disorder_evidence,False,,,0,0.0,0,0
00000230,00000230,Q13405,166,96b6b14d746a301d45774e573bd2dd934e4e68c554a1d93a18c1cb367416da5b,5,folded,,0.0,no_disorder_evidence,False,,,0,0.0,0,0
00000231,00000231,P05451,166,81b270b6fbebcf3b6fbe56ae82b20fa46b3f5741d1c29df399143edf5b6edaa7,5,folded,,0.0,experimentally_curated_short_disorder,True,DP03229,P05451,13,0.0783132530120482,13,3
00000232,00000232,P48304,166,c3a645fbaa990c47fde156e2b3b289bf2eb2067a8a6064dc57f60eada26a32a2,5,folded,,0.0,no_disorder_evidence,False,,,0,0.0,0,0
00000233,00000233,Q99757,166,b1dff3a3522626f0539ff0d024c13acbbb7f88791d3428f250d4f2346c5a93e1,5,folded,,0.0,no_disorder_evidence,False,,,0,0.0,0,0
00000234,00000234,Q9Y281,166,389b21e2c93c038aa7e948c849503b063770d3e67aa60223240c7081a60b6a98,5,folded,,0.0,no_disorder_evidence,False,,,0,0.0,0,0
00000235,00000235,P55273,166,9bf5bb119e587780bb52c1b82f64256c7f7d10bc1652db37aa89df47b555466c,5,folded,,0.0,no_disorder_evidence,False,,,0,0.0,0,0
00000236,00000236,E7CC86,166,e712d3f36ab8daeda88066e638dff606f6062d949ebe0ecf4808080cd5064605,5,af2_plddt_fallback,True,1.0,experimentally_curated_contains_idr,True,DP04165,E7CC86,20,0.12048192771084337,20,1
00000237,00000237,P41159,167,84cc1cdb6290c5a4711c26ba610b2eea7a9883c5f8628fe49fc93a77cd6042e6,5,folded,,0.0,no_disorder_evidence,False,,,0,0.0,0,0
00000238,00000238,P54851,167,02faa084e1e4a51f3086bbb6c18886c3a08ac45cf8b26198596957fa6c9d36cd,5,folded,,0.0,no_disorder_evidence,False,,,0,0.0,0,0
00000239,00000239,Q8NHV5,167,884cea710a08deab1e980f38a0121555c0ddcf3824eaecd35a9927b5725413ea,5,folded,,0.0,no_disorder_evidence,False,,,0,0.0,0,0
00000240,00000240,P30049,168,7fd07631fa419cc11ea89fa2940a035c6e0c1689719703ba7953c93061ca4416,5,folded,,0.0,no_disorder_evidence,False,,,0,0.0,0,0
00000241,00000241,Q6ICB0,168,e1ddbfad76ffafe571f6b6b658879276cf6bf537da395a987e00afadf3df9580,5,folded,,0.0,no_disorder_evidence,False,,,0,0.0,0,0
00000242,00000242,Q92934,168,714a24434b02fc2e522a17668112b15546853e551c25e5ae45e91625d8aab59f,5,ebi_mobidb_lite,True,0.75,prediction_only_disorder,False,,,0,0.0,0,0
00000243,00000243,Q99643,169,e405fd3a3ef0a709d40dabbcf70974e01dd63576243710889db16eee64c06559,5,folded,,0.0,no_disorder_evidence,False,,,0,0.0,0,0
00000244,00000244,P62253,170,cb91e3786b655e1b5e29e6a598399efc2602eb9df37bedfc09cc2b2df8bd5789,5,folded,,0.0,no_disorder_evidence,False,,,0,0.0,0,0
00000245,00000245,P63098,170,92f6a360fad8f02d816c5f321ba13dc7f5dad0f59e934ad4c0d80349806b495a,5,folded,,0.0,experimentally_curated_short_disorder,True,DP00565,P63098,26,0.15294117647058825,14,2
00000246,00000246,A0A2V2WGW5,170,7ddc2d92e1fd9cfaeccfdc14c1024e599b8542d77356a45d121a181052758ec6,5,ebi_mobidb_lite,True,0.14705882966518402,experimentally_curated_short_disorder,True,DP03899,A0A2V2WGW5,19,0.11176470588235295,19,1
00000247,00000247,Q9NPH9,171,056fd5c2279dcff86c87114e19fd31f2e46d78ac9e190a2653a2fd55f5d41a7b,5,folded,False,0.0,no_disorder_evidence,False,,,0,0.0,0,0
00000248,00000248,P62324,171,1e9526ca894434be7721dda38a40110eaaf1a35db5dad9f823942fc671009c41,5,folded,,0.0,no_disorder_evidence,False,,,0,0.0,0,0
00000249,00000249,Q86Y78,171,ab1438c0632fb3ac7eb85e5cb52eec4ae019853e493842237c413d184ed56d02,5,folded,,0.0,no_disorder_evidence,False,,,0,0.0,0,0
00000250,00000250,Q96DA0,172,b50e8f86035e60b3864a1d14dc4998806d2420b7e92e1cab7a3386e42434e663,5,folded,,0.0,no_disorder_evidence,False,,,0,0.0,0,0
00000251,00000251,A0A2K8FR49,172,b3d05cbb5aa08dde3b61f6dcf73fb915c4d7ff7fa5adff9f0ac4123180fa56d5,5,ebi_mobidb_lite,True,1.0,experimentally_curated_fully_disordered,True,DP01945,A0A2K8FR49,172,1.0,172,2
00000252,00000252,P51970,172,ba1a72a85a48a2bbc985402740b9cf958086f7022788f09087606c58d89963e2,5,folded,,0.0,no_disorder_evidence,False,,,0,0.0,0,0
00000253,00000253,O96000,172,a99a2f7dcc57e13ae23b4f6218000cf6419750b5175cd74a3f21fb65210b5bfd,5,folded,,0.0,no_disorder_evidence,False,,,0,0.0,0,0
00000254,00000254,P62487,172,b34ccf4be38dfe0eef956880c189a1de0e74db1de145eaf43853d62ac5f61f36,5,folded,,0.0,no_disorder_evidence,False,,,0,0.0,0,0
00000255,00000255,O95881,172,cc35730f8a97f3dfb7a2aa0d702a9fdbcb27e74db435e45540042b37be363c64,5,folded,,0.0,no_disorder_evidence,False,,,0,0.0,0,0
00000256,00000256,P55344,173,f3d65779efd85088749148593eb5e2a28c6f02af5a43eb01a7b77896b44267d4,5,folded,,0.0,no_disorder_evidence,False,,,0,0.0,0,0
00000257,00000257,O75365,173,ffe5f9c96177a04fce8b1622f86a45efb18728ff5a4737871e8eb886a31660c8,5,folded,,0.0,no_disorder_evidence,False,,,0,0.0,0,0
00000258,00000258,O43598,174,b0e77e7b85abffe2b46744acfa2c8ef6ebd3aaab9c5e0cf4b25b4fb288920d03,5,folded,,0.0,no_disorder_evidence,False,,,0,0.0,0,0
00000259,00000259,P03923,174,cc0f94fbb559b19cab3f5d444f7624f0a029cf232ac9bbf8d0d081d14f0b3705,5,folded,,0.0,no_disorder_evidence,False,,,0,0.0,0,0
00000260,00000260,P02792,175,dc4a731b82ce8937bd389ed4214763b8859d3b5f44b224dbdae7548a6f9ada48,5,folded,,0.0,no_disorder_evidence,False,,,0,0.0,0,0
00000261,00000261,Q06141,175,77f442919756f70ff47ff9909da185e26bd25cfa1633a8907c3da0ec31992062,5,folded,False,0.0,experimentally_curated_short_disorder,True,DP03314,Q06141,11,0.06285714285714286,11,3
00000262,00000262,Q16548,175,fe76404c5e0db4b161b830fbcbffabe5f6574550ded0cfdf7f3c45837c165164,5,folded,,0.0,no_disorder_evidence,False,,,0,0.0,0,0
00000263,00000263,Q9Y3C4,175,12a69c6bc91f51fbd2ab73f57d45e530b6a1263433356680fecbdd029d6ffa5b,5,folded,,0.0,no_disorder_evidence,False,,,0,0.0,0,0
00000264,00000264,Q6UW15,175,5f1948bc872cfca3c7a57f1c66aaa054d4a3c5e975a8e127dbbc0cb417bb90ad,5,folded,False,0.0,no_disorder_evidence,False,,,0,0.0,0,0
00000265,00000265,P39210,176,34cac9e1ffbe1351f264f77cfc903d73e3e44145de5bb44dd35c9fe6b0bf4aa3,5,folded,,0.0,no_disorder_evidence,False,,,0,0.0,0,0
00000266,00000266,Q5BJF2,176,0cf62e1ccb94abd03e5adae50ca58b2b43690058c5cc6e176c4650e6c4f083e0,5,folded,,0.0,no_disorder_evidence,False,,,0,0.0,0,0
00000267,00000267,P18510,177,3f4e92693f44ad0a85ecc8837de3c19e19d0b016438a4f4d3b8fc00f8ee884cc,5,folded,,0.0,no_disorder_evidence,False,,,0,0.0,0,0
00000268,00000268,P32321,178,67c8aba04170e4624d71b16230872755eebb0fe1eb54bcd4c566de7f2d936af3,5,folded,,0.0,no_disorder_evidence,False,,,0,0.0,0,0
00000269,00000269,A0A5B9,178,cad090af27dd0569c2ebc7154eaec7d32c70fbf3a13139927e5b82d10c920eec,5,folded,False,0.0,no_disorder_evidence,False,,,0,0.0,0,0
00000270,00000270,P22301,178,6e718bfe44d9eeac1e5299f4a819ce7f7b315f192593265d7a0205b203dc78ef,5,folded,False,0.0,no_disorder_evidence,False,,,0,0.0,0,0
00000271,00000271,P61599,178,c05131fe3bb9c71b11b50e0ee207a4f4a450c34554bcaa12fb30b758c08f446a,5,folded,False,0.0,no_disorder_evidence,False,,,0,0.0,0,0
00000272,00000272,O00762,179,2f2bc4476a0475f602e2eed61ba8f2498587939691e5de616abf98cce373f8de,5,folded,,0.0,no_disorder_evidence,False,,,0,0.0,0,0
00000273,00000273,Q9Y3E5,179,6c72662ea787f40e68c54ea1e2adc1e035aa94d5051a6ea60904678ec23a5454,5,folded,False,0.0,no_disorder_evidence,False,,,0,0.0,0,0
00000274,00000274,Q9Y6M9,179,5e061664b447ba9c515c427f5a41c12ab643f74ba5a556dfb22d9b6928d895bd,5,folded,,0.0,no_disorder_evidence,False,,,0,0.0,0,0
00000275,00000275,K9M1U5,179,217c64713040dcffed7301b330ffc55f7987b2de832e55083328372705d64145,5,folded,,0.0,no_disorder_evidence,False,,,0,0.0,0,0
00000276,00000276,Q13241,179,5a167a0609732e759de6e4e1d9380211e68abe994de99368815758805ad1a335,5,folded,,0.0,no_disorder_evidence,False,,,0,0.0,0,0
00000277,00000277,P57771,180,debc8a0f7639de0375a8c3f4eb9e1208ab1ef2ceb7aaa319921b926316ea670b,5,folded,,0.0,no_disorder_evidence,False,,,0,0.0,0,0
00000278,00000278,P09466,180,03db67f5ccc79c0e88a87b9fdc01ec13c77bffc83aa5944fe068a493e8a05eeb,5,folded,,0.0,no_disorder_evidence,False,,,0,0.0,0,0
00000279,00000279,P61009,180,5e64bb88be239bf665c657c6a0939a9926ad607ad68dc5d383823874096127ac,5,folded,,0.0,no_disorder_evidence,False,,,0,0.0,0,0
00000280,00000280,P07741,180,2cfb86f482285c66e05f846786b897d197c610f02ea1e7db4af7ef3fd80adf66,5,folded,,0.0,no_disorder_evidence,False,,,0,0.0,0,0
00000281,00000281,A0A142G2L5,181,b9976ce5bb882f84bb040700d1d5589ac88b7525b48b4635eb8d011c9ea942e7,5,ebi_mobidb_lite,True,0.13812154531478882,experimentally_curated_fully_disordered,True,DP03422,A0A142G2L5,161,0.8895027624309392,161,3
00000282,00000282,P84077,181,77296ef0113b787c93803fe90deeab12a1c9c9dac94c2a3d67f8a81fdad8a020,5,folded,,0.0,no_disorder_evidence,False,,,0,0.0,0,0
00000283,00000283,Q96AZ6,181,2c94ed8a8e6889a7466cbb21682322826e4f54413cad676340d0498b9d8d0994,5,folded,,0.0,no_disorder_evidence,False,,,0,0.0,0,0
00000284,00000284,Q9ULC4,181,d5d0497065ded167fe669f5862fa16ead7e92dec4aeaa0aa905867579bb0714b,5,folded,,0.0,no_disorder_evidence,False,,,0,0.0,0,0
00000285,00000285,A1A4Y4,181,ab60d5b5b493a0b080ff4ee9a8893f68a2ceb4a7098acbadffe10dcd4a26aedd,5,folded,,0.0,no_disorder_evidence,False,,,0,0.0,0,0
00000286,00000286,P61204,181,2ca49a154a17e030428d763ecf1239c37817f45e2748981fdba53f555cacfc4f,5,folded,,0.0,no_disorder_evidence,False,,,0,0.0,0,0
00000287,00000287,Q9UBQ0,182,2a5ed348e81d4f7c455be9a5f61f621380879979360d3daf89deabea87832565,5,folded,False,0.0,no_disorder_evidence,False,,,0,0.0,0,0
00000288,00000288,P02794,183,8d0ea4bcbcf0bb5898d879ad1ed53e94a17661e5ee4fa4a8f3bfe61f39ade8d2,5,folded,,0.0,no_disorder_evidence,False,,,0,0.0,0,0
00000289,00000289,A0A0H3MCR9,183,76faf2398a819cc3b111d54555dded1af47fb5f12eee46c60f826e12e72cb06a,5,af2_plddt_fallback,True,1.0,experimentally_curated_short_disorder,True,DP02937,A0A0H3MCR9,13,0.07103825136612021,13,1
00000290,00000290,P23510,183,021fcbfe8a49f5b28561822ae8edf218c3793e066da31f35cf764dac8a623fcf,5,folded,,0.0,no_disorder_evidence,False,,,0,0.0,0,0
00000291,00000291,Q8TAI7,183,ccf5a821c11da413f5ae10baed19c685d5879821acd839a52395ba2051e2fa3e,5,folded,,0.0,no_disorder_evidence,False,,,0,0.0,0,0
00000292,00000292,Q8N5M9,183,f2f0cc0463ed125a3a01ffdfe8be250ded48af22dbb6c32e6a4586f1619b8de5,5,folded,,0.0,no_disorder_evidence,False,,,0,0.0,0,0
00000293,00000293,Q6P589,184,43cb804932ca1bdf579bcffabae1879de7a56163799b52748a2e69e17919cafd,5,folded,,0.0,no_disorder_evidence,False,,,0,0.0,0,0
00000294,00000294,P18621,184,f05152d5b98d6118d39ec23adf2519d9f5631911b936e5e8c3fc94119028a015,5,folded,,0.0,no_disorder_evidence,False,,,0,0.0,0,0
00000295,00000295,P62834,184,d2352e6ee18e3697f23ea35bd348d10b5f7ebda7a6f4570e6e1e78b8a23ef827,5,folded,,0.0,no_disorder_evidence,False,,,0,0.0,0,0
00000296,00000296,Q9BU61,184,8b355463bc97a2da915c27431ac2a34b423859eeb396adc0ac569f5ee417297f,5,folded,,0.0,no_disorder_evidence,False,,,0,0.0,0,0
00000297,00000297,Q9NS71,185,d10cdb279f3b2078c8326ce7e25f26b48422c76af406a944e4d11f51e2118e85,5,folded,,0.0,no_disorder_evidence,False,,,0,0.0,0,0
00000298,00000298,Q9UM13,185,43f106a1fb8f74933c9edd5d48865668f5952fd2ce6e71b35a8e4711a30465df,5,folded,,0.0,no_disorder_evidence,False,,,0,0.0,0,0
00000299,00000299,Q9HD47,186,1015b52b8ae7e0871a25f2bacd25f4dfbb2922980a8e3f3e4e21002e18ac61ca,5,folded,,0.0,no_disorder_evidence,False,,,0,0.0,0,0
00000300,00000300,Q9H0F7,186,bd2d14a5934809de492f578639844da2c021cf2dd7c6d98190e7dfd2de6a864d,5,folded,,0.0,no_disorder_evidence,False,,,0,0.0,0,0
00000301,00000301,5QGK,186,614e12218919bc0294d973ff4b15e05a7bd827606705ff7287b5dd17355a36d4,5,folded,,0.0,no_disorder_evidence,False,,,0,0.0,0,0
00000302,00000302,Q9BW83,186,c2c62bd170409bd29ee6c62a4dd5fff614a6cb5c04b3ac76ebfadd5c576b65d0,5,folded,,0.0,no_disorder_evidence,False,,,0,0.0,0,0
00000303,00000303,1DRF,186,602d22b0dcd4c84b2e5a137c4f20bd6c713b8fa1ce9718d0d7da89f7ccfa90ed,5,folded,,0.0,no_disorder_evidence,False,,,0,0.0,0,0
00000304,00000304,O75884,186,9e49650b8e4c780441728676084306b2f8d555f8f38e4c15882bf2f633df1c75,5,folded,,0.0,no_disorder_evidence,False,,,0,0.0,0,0
00000305,00000305,P62380,186,c084ab7ba88348aab79deb4b311869c9edb47826eb7de29f07940441659680e0,5,folded,,0.0,no_disorder_evidence,False,,,0,0.0,0,0
00000306,00000306,Q8WVP5,186,2b11291fed769e80ed65567b5257184a1a856d7227540f6c7696cf41224e975a,5,folded,,0.0,no_disorder_evidence,False,,,0,0.0,0,0
00000307,00000307,P01574,187,783298856c3779f3be0132fd9633d416590dc1e167c5ad0e447f4b682a5b21e6,5,folded,,0.0,no_disorder_evidence,False,,,0,0.0,0,0
00000308,00000308,O75838,187,19d5b340b8563ee34acb48ddb0546bfa74b5bd7adf9b80abb66e408354735c63,5,folded,,0.0,no_disorder_evidence,False,,,0,0.0,0,0
00000309,00000309,O00746,187,e8cbc3d40be6e66334c848086801ab608348f2c166fc65dde8596f3c65a20970,5,folded,,0.0,no_disorder_evidence,False,,,0,0.0,0,0
00000310,00000310,P00374,187,f01679b357e85183133b6e765b5bbb10fb34aac343f1185d3cae27b684632907,5,folded,,0.0,no_disorder_evidence,False,,,0,0.0,0,0
00000311,00000311,Q6B8I1,188,8a955620c69b041357e1213b614b216e9d1f045b19eea996c3ed860e7107ec09,5,folded,,0.0,no_disorder_evidence,False,,,0,0.0,0,0
00000312,00000312,Q9NY25,188,080eb688f55b4c0be29f693a0e73d17ab10f96ddd9769a4fffac002b227da0a3,5,folded,,0.0,no_disorder_evidence,False,,,0,0.0,0,0
00000313,00000313,P01111,189,89016168d82568aa2caa97166c99ff0b61c6fb19d5729272a7e3f03ab26ce518,5,folded,,0.0,experimentally_curated_short_disorder,True,DP03882,P01111,12,0.06349206349206349,12,1
00000314,00000314,Q6UW68,189,36b4a4a12a876a9edff5531a9cebdfe6ba6a85aaf02719ca3c46a2436ae80198,5,folded,,0.0,no_disorder_evidence,False,,,0,0.0,0,0
00000315,00000315,P01571,189,d86fb718edd843bf2e217007f54ebc059865b5338fa13ed7737541ea9937563e,5,folded,,0.0,no_disorder_evidence,False,,,0,0.0,0,0
00000316,00000316,P32881,189,ccbad152bf2b5bfb1b424fd5486986a3e648a43e3422b901ba9ba417930a4df0,5,folded,,0.0,no_disorder_evidence,False,,,0,0.0,0,0
00000317,00000317,Q99497,189,8c00caffdd00302d00ed1cca33741abae543f9c6a7b61edc3b5a0c286e88e181,5,folded,,0.0,no_disorder_evidence,False,,,0,0.0,0,0
00000318,00000318,Q8WWM9,190,c78b5100ba3b1cbb817d82de7ba8d5b4c2fb20b6b73e20ee308e81f187edb106,5,folded,,0.0,no_disorder_evidence,False,,,0,0.0,0,0
00000319,00000319,P62166,190,cf97ef15eb6c2d8442ab0876ad4ca9fc5b4c55331a8d3580dd96a49fcbe9d2ca,5,folded,,0.0,no_disorder_evidence,False,,,0,0.0,0,0
00000320,00000320,Q9UM19,191,2e848bf6176cc8e8ce0d9286cf2a668895dcf34a14b8bb2562ec734b8e9eac2d,5,folded,,0.0,no_disorder_evidence,False,,,0,0.0,0,0
00000321,00000321,Q15669,191,2fff40969cad7063669943e47cef82ff3620786c8afa6318d315246bf36ff52c,5,folded,,0.0,no_disorder_evidence,False,,,0,0.0,0,0
00000322,00000322,P62760,191,7299bc483fde3d1afa2301e2bfd9816eff0fa51572942d7e588fa38d45e8afeb,5,folded,,0.0,no_disorder_evidence,False,,,0,0.0,0,0
00000323,00000323,Q9NYR9,191,ecbdb1cccc4afbf755b389049d64d9a995ebc41b9e0dcb0091e21e1238569365,5,folded,,0.0,no_disorder_evidence,False,,,0,0.0,0,0
00000324,00000324,Q07812,192,e2c7433b9cb73feb2daabeaa7e841d359b30313e06d8c084f3787ca45ac692fa,5,folded,,0.0,experimentally_curated_contains_idr,True,DP02540,Q07812,35,0.18229166666666666,35,1
00000325,00000325,P63000,192,48db732bf13b377c21467adf0bac39d40975a33bbe2c63ded45016af2019c67c,5,folded,,0.0,experimentally_curated_short_disorder,True,DP03298,P63000,14,0.07291666666666667,14,3
00000326,00000326,Q9NYS0,192,5b26344d9b9f846508fe61ec268183a3700a98558aecd5aab5b78d5dcef583bf,5,folded,,0.0,no_disorder_evidence,False,,,0,0.0,0,0
00000327,00000327,Q9BY50,192,aaba90e6dc798c3746080cbfa4b65a86639232862014367b6279f3b035ddf212,5,folded,,0.0,no_disorder_evidence,False,,,0,0.0,0,0
00000328,00000328,P17900,193,4b1464e59a907ff4a5e9e1fde2c36d53aa8eb062710e8ae087f5db1168142b6c,5,folded,,0.0,no_disorder_evidence,False,,,0,0.0,0,0
00000329,00000329,P61586,193,e9c693242056e3e52c610f376c507efdd776b8ec24d2f734813041d4254189e4,5,folded,,0.0,no_disorder_evidence,False,,,0,0.0,0,0
00000330,00000330,P37235,193,c93bdbd1a4985b39e413e95b445f96ff4a1ad468d943c18ba2d0453d74d911f4,5,folded,,0.0,no_disorder_evidence,False,,,0,0.0,0,0
00000331,00000331,P84074,193,e4cd35418df3e1f0af5b8607e28dc9337274d30fe103de291eed82f4a1eddabe,5,folded,,0.0,no_disorder_evidence,False,,,0,0.0,0,0
00000332,00000332,P32970,193,8b8ce93f248bec6271b76629ed3485248e9d2585915b99fb4ce0b685c3ee38b1,5,folded,,0.0,no_disorder_evidence,False,,,0,0.0,0,0
00000333,00000333,P01588,193,400768c3b082547834f139ae6313c65c5c59fb87025131143980e55ba12e3361,5,folded,,0.0,no_disorder_evidence,False,,,0,0.0,0,0
00000334,00000334,P23435,193,9ada9cf291d93318c7fb0587adb85e7f8ad24a852de86d183a84397e15710178,5,folded,,0.0,no_disorder_evidence,False,,,0,0.0,0,0
00000335,00000335,Q96D03,193,2eee1f5fc8cc6965a6b1d2e0d4cd9f24be364a82faf3fa4b89809a75bbf9f509,5,folded,,0.0,no_disorder_evidence,False,,,0,0.0,0,0
00000336,00000336,Q92843,193,7aefc129cd06ec747b67e4b97d78466ee5553c4f7f1bce7b24e2a1872eafb0f5,5,folded,,0.0,no_disorder_evidence,False,,,0,0.0,0,0
00000337,00000337,P07305,194,2c052d0845c17ef566dae1adf66a6d9e64111ca00952138e5fd53ebd3bfa4d95,5,ebi_mobidb_lite,True,0.7216494679450989,experimentally_curated_partially_disordered,True,DP01156,P07305,119,0.6134020618556701,97,4
00000338,00000338,O00264,195,720f16714de2bc9142abbaf65f0e91783be662aad0139add86e36d69298dd4d4,5,folded,,0.0,no_disorder_evidence,False,,,0,0.0,0,0
00000339,00000339,P08590,195,9a216b72d91d56ce925e2773fb04a75e5f10270f5b6c9bbf4220f1383a91dc27,5,folded,,0.0,no_disorder_evidence,False,,,0,0.0,0,0
00000340,00000340,Q13636,195,21f2f4bffe401658840c48e37395c173083218a8fe51b43c3884b2a727747423,5,folded,,0.0,no_disorder_evidence,False,,,0,0.0,0,0
00000341,00000341,A8AZZ3,195,2e5c1eaea6dd13f7a48d0ffb2b778d8633f07c85fbd2d1de982393ed0ad0d980,5,ebi_mobidb_lite,True,0.2410256415605545,experimentally_curated_partially_disordered,True,DP00858,A8AZZ3,90,0.46153846153846156,50,3
00000342,00000342,Q9UJY1,196,5ef13cb2033a026c3c8bfc81e3c93f3c90429c90c9e8b82f546d8ace4da535c1,5,ebi_mobidb_lite,True,0.1071428582072258,experimentally_curated_partially_disordered,True,DP04309,Q9UJY1,115,0.5867346938775511,89,2
00000343,00000343,O43745,196,97e106e36b53bbf6df7801fc8724b88560a4200edb05d4cbdab866b2aa49250f,5,folded,,0.0,no_disorder_evidence,False,,,0,0.0,0,0
00000344,00000344,O75594,196,1dc8365d5c8cce037120c394979bb7432d6d6a571bd4d4aa0d4370fb08cf62e9,5,folded,,0.0,no_disorder_evidence,False,,,0,0.0,0,0
00000345,00000345,P62745,196,d75a8469971f51cccb4da74dcadffa59de981594c3e8572acc09d277efaf7272,5,folded,,0.0,no_disorder_evidence,False,,,0,0.0,0,0
00000346,00000346,Q5W111,196,82cfc7374c27ec80db9cc534f47b5536df91770013653c926fca0f8fd840f6c0,5,folded,,0.0,no_disorder_evidence,False,,,0,0.0,0,0
00000347,00000347,P53672,197,8e8c3efec38b36baf4d753283489e403e6ef3a6e0cc6f891bc1c8e1d64de516e,5,folded,,0.0,no_disorder_evidence,False,,,0,0.0,0,0
00000348,00000348,Q0P5N6,197,e6e891e28bca67efcda56cbef93ecfa38a40ec75aca4d9d2b46fcc80df7c1826,5,folded,,0.0,no_disorder_evidence,False,,,0,0.0,0,0
00000349,00000349,Q53FT3,197,c09d32de528aa303e7f264e0bf37147d0ae1759cc38953ab685f110f45477483,5,folded,,0.0,experimentally_curated_short_disorder,True,DP02719,Q53FT3,19,0.09644670050761421,19,1
00000350,00000350,P12829,197,54e7000060f54f293386d76098dba4b473193c25e45f384e5c138391c6a2c4fe,5,folded,,0.0,no_disorder_evidence,False,,,0,0.0,0,0
00000351,00000351,P46527,198,844b7ba9d02615aa3c12ca099d810641f0cd620855058db03f492101b9900fb5,5,ebi_mobidb_lite,True,0.747474730014801,experimentally_curated_fully_disordered,True,DP00018,P46527,198,1.0,198,13
00000352,00000352,O14508,198,241ae67053df79346f320c0bf7ce2d1760ad23b0412bffc9c6e7fb36432bdee6,5,folded,,0.0,no_disorder_evidence,False,,,0,0.0,0,0
00000353,00000353,Q9H6L4,198,1e87c2ff60ce4fdae454fd5896fad4041ba95957e48cc08c3c05abaec0456cbb,5,folded,,0.0,no_disorder_evidence,False,,,0,0.0,0,0
00000354,00000354,Q9BUL9,199,e59bd0d67c3965ddb0ec3e1270f96850c272c02c58cc4e7a5920865adb17eae8,5,folded,,0.0,experimentally_curated_partially_disordered,True,DP02616,Q9BUL9,63,0.3165829145728643,42,2
00000355,00000355,Q06830,199,aacbdbb5eeecdf38eb2c8a14fab326106b5a74c9264d24e2b593181d254dbbe5,5,folded,,0.0,no_disorder_evidence,False,,,0,0.0,0,0
00000356,00000356,P37802,199,65ba2c7bba058e5fa572b6149cb092649c304c54fbad9b6d2c5007748b93b093,5,folded,,0.0,no_disorder_evidence,False,,,0,0.0,0,0
00000357,00000357,P35243,200,b1e32d1390deb67302b2af2512d8370a79774ba59512ba819bfec1efa2229895,5,folded,,0.0,no_disorder_evidence,False,,,0,0.0,0,0
00000358,00000358,P61086,200,d6ffbcf3e53b4f93ef2d2a137f60fb1e8f1239f2979ce56ce73c83d0fe15c6a2,5,folded,,0.0,no_disorder_evidence,False,,,0,0.0,0,0
00000359,00000359,P61026,200,c467d6dd089c9200c86666823ce9767cd208b60339f0c35f182ba91ec7672a2d,5,folded,,0.0,no_disorder_evidence,False,,,0,0.0,0,0
00000360,00000360,Q15286,201,d6e1d6d974f7c1c1ea2f7d3c11a2aebc3a30dc88273803a19519144a6134833f,5,folded,,0.0,no_disorder_evidence,False,,,0,0.0,0,0
00000361,00000361,Q8WUK0,201,ad6b963fafc4c4c1ca2a702748e8f1438b31e5c6ba7c6f834d9d7ba9750f1935,5,folded,,0.0,no_disorder_evidence,False,,,0,0.0,0,0
00000362,00000362,P52798,201,492f87dd7b12efbc7f6453212270f4e35c9ce57263ba3606e3f40ac68358f96d,5,folded,,0.0,no_disorder_evidence,False,,,0,0.0,0,0
00000363,00000363,P49703,201,0bb1281e2968d12c0eaa6b30d69d1bc2c64657b69d1302db74757fd7003eef6d,5,folded,,0.0,no_disorder_evidence,False,,,0,0.0,0,0
00000364,00000364,P49721,201,399f114d49d742e5e918aba8dabf23ffc18039a053f32f634596c39912f41c9f,5,folded,,0.0,no_disorder_evidence,False,,,0,0.0,0,0
00000365,00000365,Q96CE8,201,1c1120ac3a6f2c83993210ec15ce85430fb16ec86b4d3545ef7b3b75eaccb173,5,folded,,0.0,no_disorder_evidence,False,,,0,0.0,0,0
00000366,00000366,P02753,201,8400030088daa962283125365238a8cd19878b292ef12408c6457e69231e769f,5,folded,,0.0,no_disorder_evidence,False,,,0,0.0,0,0
00000367,00000367,O15492,202,acdc19d9934a990792012724fe21b912fbe5426790f3742cf46bea20569747fe,5,folded,,0.0,no_disorder_evidence,False,,,0,0.0,0,0
00000368,00000368,P05452,202,8b9f94e62e02dd1bb02264c9840bbf578ccd42158c35d121700dc5f2b2df9fd9,5,folded,,0.0,experimentally_curated_contains_idr,True,DP02801,P05452,25,0.12376237623762376,25,1
00000369,00000369,P15018,202,a167f0027aab6fa7f8474b69c71b027c54cd9944917684df09817185c86e7c91,5,folded,,0.0,no_disorder_evidence,False,,,0,0.0,0,0
00000370,00000370,P40429,203,a914452f1bb32aec9a7d981c72ebf99325438bf8a0e9f9f8d7ce8596b85d081d,5,folded,,0.0,no_disorder_evidence,False,,,0,0.0,0,0
00000371,00000371,O14966,203,f17b59f8e637a75063826abb2712745c4a4bdc2bc50b3d981fe10a1112fb748b,5,folded,,0.0,no_disorder_evidence,False,,,0,0.0,0,0
00000372,00000372,Q9Y535,204,2238aede09bf48a6f02327fe08c7cbb64dc9e193f8b02760d1b8c6245b1236ff,5,folded,False,0.0,no_disorder_evidence,False,,,0,0.0,0,0
00000373,00000373,P62070,204,b8b4164150d6f1e0ae295705a7b6036e44e8ec70693454a503039491bb98f8ac,5,folded,,0.0,no_disorder_evidence,False,,,0,0.0,0,0
00000374,00000374,P61313,204,d09b86592c128c04587415e3c6d0c3eb826d90372c00d8b91d03b52a6af10d44,5,folded,False,0.0,no_disorder_evidence,False,,,0,0.0,0,0
00000375,00000375,Q7Z4H3,204,62ee8964e0c4350d9102229296ba0b1587ca5253b53a351f703193e0bbdf69c8,5,folded,,0.0,no_disorder_evidence,False,,,0,0.0,0,0
00000376,00000376,P52565,204,fff4642ce787c71b7a7bc86343ae9c8b0677385d0f4a6db9f1a9f602a4d58150,5,folded,,0.0,no_disorder_evidence,False,,,0,0.0,0,0
00000377,00000377,P20827,205,f98c1e3806bd21d7812ec2e390ad685035317839e66d9e0920fd4e30ccb928b6,5,folded,,0.0,no_disorder_evidence,False,,,0,0.0,0,0
00000378,00000378,Q13257,205,5a695f03343d42844301771c66f521beb536e9b9e8bbce2aa48bd3ddfa61b45e,5,folded,,0.0,no_disorder_evidence,False,,,0,0.0,0,0
00000379,00000379,P49720,205,970d64486e9a429373507a215d33d03945b7ad0e2a3a312a1748ed1d9df88c5e,5,folded,,0.0,no_disorder_evidence,False,,,0,0.0,0,0
00000380,00000380,P62820,205,867635bd0689aa7a17622a403f3e667245bc57aeadbdba5793f71fdca0649828,5,folded,,0.0,no_disorder_evidence,False,,,0,0.0,0,0
00000381,00000381,P01374,205,a6b9c5f9518591b9e3cac86b3bbb79db73a05898cbdc8e43f367343248e2e3be,5,folded,False,0.0,no_disorder_evidence,False,,,0,0.0,0,0
00000382,00000382,P08620,206,7a5d73a91cc3ae347108cd0e6a9ed8b2ac72f2ceaca9688a6d8d6cc8b42879d1,5,folded,,0.0,no_disorder_evidence,False,,,0,0.0,0,0
00000383,00000383,P60880,206,91a6e9a883600e47c7dc751635104ce2810e0a55cc45f218d2dca06fc0027f47,5,folded,,0.0,experimentally_curated_fully_disordered,True,DP00068;DP02561,P60880;P60881,205,0.9951456310679612,87,5
00000384,00000384,P30043,206,eb0bcc4cc33b3b3953c028aa242b95c7a6b0b6a5774e4141010eb33071fe182f,5,folded,,0.0,no_disorder_evidence,False,,,0,0.0,0,0
00000385,00000385,P61006,207,35a30d38291cd7e18f8ea3312c230c2df6253023732528400747b6c869840514,5,folded,,0.0,no_disorder_evidence,False,,,0,0.0,0,0
00000386,00000386,D3W0D1,207,ef38993b3657d74f8075e2e9413462f3c04523059780407173a73cd791cc3852,5,folded,,0.0,no_disorder_evidence,False,,,0,0.0,0,0
00000387,00000387,Q92930,207,8e776f970a6dde80cdc7e9e90b2968d9eb3cb5696f0468e597c2aaf7ffe7db75,5,folded,,0.0,no_disorder_evidence,False,,,0,0.0,0,0
00000388,00000388,P51149,207,4b78b546b45218fa8d17ef983867de6dcc8d1f30390276f11d6475295faff089,5,folded,,0.0,no_disorder_evidence,False,,,0,0.0,0,0
00000389,00000389,O76093,207,74e3ed6c49c09ed3056fa5be3241873c16b8843c83f21b71f381efeec2d1c653,5,folded,,0.0,no_disorder_evidence,False,,,0,0.0,0,0
00000390,00000390,O75508,207,549520f70b1c3d62068125b7f8465989ed19c5695403429bb0380a518c054b58,5,folded,,0.0,no_disorder_evidence,False,,,0,0.0,0,0
00000391,00000391,P16455,207,f23ea8bb1edac597e621939d9b0c9275c864e9e256159bc1cceb2b086031f054,5,folded,,0.0,no_disorder_evidence,False,,,0,0.0,0,0
00000392,00000392,O15520,208,84cf0cc0d5660057deec1c9fc4a817ca30956de11aa5aa7ff6f7a38aef4cfbad,5,folded,,0.0,no_disorder_evidence,False,,,0,0.0,0,0
00000393,00000393,P14649,208,349b11008e30a9a1703bde31c3e4966c10c24ce2cd22bf4bb847bfde2bd30208,5,folded,,0.0,no_disorder_evidence,False,,,0,0.0,0,0
00000394,00000394,P10767,208,1c5eefae4f0d32c3b0360d367d35d06911cfa37a7e222d1caa9ea132391c5f46,5,folded,,0.0,no_disorder_evidence,False,,,0,0.0,0,0
00000395,00000395,O14807,208,e90b91b8a12ee31c31fad776182dc942dc69531aed0d29938dcfa4361609fa38,5,folded,,0.0,no_disorder_evidence,False,,,0,0.0,0,0
00000396,00000396,Q9NRN9,209,569c08b314cdbb49fb45a2e91d911c4c17de3f178b391e85f900dc690f5f56f8,5,folded,False,0.0,no_disorder_evidence,False,,,0,0.0,0,0
00000397,00000397,P09211,210,cd085d4391829da9e96878c9f2170c05c298e1c4c86a7f810400d6adda64bbb6,5,folded,,0.0,no_disorder_evidence,False,,,0,0.0,0,0
00000398,00000398,P34130,210,038eb4a04f0b8d9282c5aaa9ac215d9386b84c33518d81876ca1a62486f33bed,5,folded,,0.0,no_disorder_evidence,False,,,0,0.0,0,0
00000399,00000399,P35625,211,79272c1d474226029cb7252fa73c7d476c74871292363197da0f1dd16fe44d85,5,folded,,0.0,no_disorder_evidence,False,,,0,0.0,0,0
00000400,00000400,O95816,211,89c9d45ae70e22e20f4e91d5329f287b8798aa7fab5bcf022e0b15d4c1346bc1,5,folded,,0.0,no_disorder_evidence,False,,,0,0.0,0,0
00000401,00000401,Q9NP95,211,3e412ef1aa99e2103b47e1c164aebeb1026578f632b4ee9f25f29b8db57a5b1c,5,folded,,0.0,no_disorder_evidence,False,,,0,0.0,0,0
00000402,00000402,P41220,211,595bd7fcc0d1704b6ad3f3eaf598b8427d7ae32b16732d4adba60f8856a415ae,5,folded,,0.0,no_disorder_evidence,False,,,0,0.0,0,0
00000403,00000403,P26998,211,e89e41875f263cd215c434d46ccc0b45099739a11e4da46efd4128e928e8294d,5,folded,,0.0,no_disorder_evidence,False,,,0,0.0,0,0
00000404,00000404,Q9UI95,211,f33ae48461c9fb6cb09fdc98b84506dc9adf6fae78e5c0d873a6c44793ab05b2,5,folded,,0.0,no_disorder_evidence,False,,,0,0.0,0,0
00000405,00000405,O95832,211,fc771ec8596f2cab6950a15ec5eebdc7dc4da3542c8c0d52145ee1795a6bb35b,5,folded,False,0.0,no_disorder_evidence,False,,,0,0.0,0,0
00000406,00000406,Q16611,211,2360f2a15601a5cc38328c092006a1e6f03db93252c1168c538315f5c6fdfd7f,5,folded,,0.0,experimentally_curated_contains_idr,True,DP02539,Q16611,35,0.16587677725118483,35,1
00000407,00000407,Q9HAE3,211,302c7fc435faf042d51776386be888dabd1a043195581ea6496fb3f5d6389847,5,folded,False,0.0,no_disorder_evidence,False,,,0,0.0,0,0
00000408,00000408,A0A0M4HM24,212,18039ca4c64986c576e343f1d87f86e9bcd041896e32ee31c6e29c724c66d7bd,5,ebi_mobidb_lite,True,0.8867924809455872,experimentally_curated_fully_disordered,True,DP03415,A0A0M4HM24,212,1.0,212,3
00000409,00000409,Q9BUL8,212,8354471b9a950519c13f48ae37c6d03d7a568eb75d7ac2985fe8244c03bda63f,5,folded,,0.0,no_disorder_evidence,False,,,0,0.0,0,0
00000410,00000410,P23919,212,b7de24dfe012e1e97b86a6cf44fbccc07d11c07c7926987b25835395c62a6a41,5,folded,False,0.0,no_disorder_evidence,False,,,0,0.0,0,0
00000411,00000411,Q16667,212,b296d9aa86dc2280bfbe8856c403a879cdb243884c28e3c3e32f4e7c7d3c5abd,5,folded,,0.0,experimentally_curated_contains_idr,True,DP03142,Q16667,34,0.16037735849056603,22,2
00000412,00000412,P05231,212,ce9be1b6049442dbd48e2100bcef53a760817c8223f6bb6b07a625132a04eff8,5,folded,,0.0,experimentally_curated_short_disorder,True,DP02745,P05231,19,0.08962264150943396,19,2
00000413,00000413,C9ZXG5,212,cac947c063fcc23af510c4b89c911bf7b558bdb24081ac560031b9183636c790,5,af2_plddt_fallback,True,1.0,experimentally_curated_contains_idr,True,DP03391,C9ZXG5,35,0.1650943396226415,35,3
00000414,00000414,Q96DA2,213,88bf589b1bee040cd9401d83869324997d9ae9541c944ceb074103f8f8cabbd3,5,folded,,0.0,no_disorder_evidence,False,,,0,0.0,0,0
00000415,00000415,P40337,213,9635f5e11bc2e95cb5b4aca19e52963af7b7cacd94b962e99be1d66499686daf,5,folded,,0.0,experimentally_curated_contains_idr,True,DP00287,P40337,59,0.27699530516431925,59,1
00000416,00000416,O75251,213,2044fc8c590280bd0815be987bf6fa53c78182893b4bc22b03274bd5a0b5e053,5,folded,False,0.0,no_disorder_evidence,False,,,0,0.0,0,0
00000417,00000417,Q9UQN3,213,98397220a278e07ba8a4a2d3ad6f405c5054148f127280596e8e15ae692ae4cc,5,ebi_mobidb_lite,True,0.09859155118465424,prediction_only_disorder,False,,,0,0.0,0,0
00000418,00000418,E9ADE1,214,ea2053dfc99800e4b1ed12add5271999a4f5ae2536a4642f890ca429cbf39ef0,5,af2_plddt_fallback,True,1.0,experimentally_curated_contains_idr,True,DP04037,E9ADE1,21,0.09813084112149532,21,1
00000419,00000419,Q92882,214,373ac938f709d95c66ca144e7994c9cb5c25bdc31b77f42235034874b9940465,5,folded,,0.0,no_disorder_evidence,False,,,0,0.0,0,0
00000420,00000420,Q5TA50,214,18b873c879cf6ef6009b4624bfbf9cd0c4927ac7947c2766b5d7d31ab53b8996,5,folded,,0.0,no_disorder_evidence,False,,,0,0.0,0,0
00000421,00000421,Q9Y5N5,214,dfd294d4cd42f7b17d78d8190ac5f5c88001ccd01f7181743a196eae3409eba5,5,folded,,0.0,no_disorder_evidence,False,,,0,0.0,0,0
00000422,00000422,P27635,214,2235c5a38ead9a3bd9ab75e2d19f5c0467507a6b7bc760d76c26464026a21ecc,5,folded,,0.0,experimentally_curated_contains_idr,True,DP03456,P27635,29,0.13551401869158877,29,1
00000423,00000423,Q9NY72,215,40b9a19550f1a0abc9b61b215d2179d29758841e77d2ccc8869f7b40cf57437a,5,folded,,0.0,no_disorder_evidence,False,,,0,0.0,0,0
00000424,00000424,P05813,215,016d514e7d8b2f69e1458b12bb784001e9f34ba219e0dd40d0efb50b9d212a13,5,folded,,0.0,no_disorder_evidence,False,,,0,0.0,0,0
00000425,00000425,O60939,215,3a66d7df82471181400477b2b51c49d4a147514ac8229e72346336537c4a4a4b,5,folded,,0.0,no_disorder_evidence,False,,,0,0.0,0,0
00000426,00000426,Q9BTP7,215,1a8c0e84406d0caf0b387a4c1524cb50a88dc7e0c7383a45fd983d0b7dec78f1,5,folded,False,0.0,no_disorder_evidence,False,,,0,0.0,0,0
00000427,00000427,P20339,215,6643249998a39e3c16128f185465d7d1d376e28f1b973c6c387f46719785c18b,5,folded,,0.0,no_disorder_evidence,False,,,0,0.0,0,0
00000428,00000428,P67870,215,feabc8446b38eabaabc0a48cb14d267357eac67b24b71ffc1835dd2abac6ab14,5,folded,,0.0,no_disorder_evidence,False,,,0,0.0,0,0
00000429,00000429,O75396,215,3e55a8886d3123341ae8d94472ff288ce0a984a3363ffa75fee6e9dfa6082ec1,5,folded,,0.0,no_disorder_evidence,False,,,0,0.0,0,0
00000430,00000430,O95750,216,6fa66caee9c8ae7d6af1e1237eaab55816c54b466dd5b5df4ce6c206ee6c0c9f,5,folded,,0.0,no_disorder_evidence,False,,,0,0.0,0,0
00000431,00000431,P23284,216,f16393f916e75987d224ed7e628d34d787682ccaed927b69a5b772360c82a599,5,folded,,0.0,no_disorder_evidence,False,,,0,0.0,0,0
00000432,00000432,P51148,216,e033bca37e917a5c90607b45daa85a617b71e887beecf31a4aac5a4160040ad5,5,folded,,0.0,no_disorder_evidence,False,,,0,0.0,0,0
00000433,00000433,P62826,216,ccbbcb644fc94ada9c6fea150eec2e40cdb7c88ba7bffce8b71d19d8cd3e14f6,5,folded,,0.0,experimentally_curated_contains_idr,True,DP01364,P62826,63,0.2916666666666667,29,3
00000434,00000434,Q96F25,216,57a8aa2a0f5c1893fdfb71be0bd7fb0b22264c9ca223635de4c5ab598e6d7143,5,folded,,0.0,no_disorder_evidence,False,,,0,0.0,0,0
00000435,00000435,P28676,217,661b8173ee7a1fc2f9e49373060ee9607cc3380bedfbadfe6d4262becd94c312,5,folded,,0.0,no_disorder_evidence,False,,,0,0.0,0,0
00000436,00000436,P62906,217,c05929923cf9443467c2f504896c8a857600df358eb0c246d26002ace0707f27,5,folded,,0.0,no_disorder_evidence,False,,,0,0.0,0,0
00000437,00000437,P49795,217,780bf961d97ae7d387a670269400e5b4cb62e7b1457a494edb142c22394b3785,5,folded,,0.0,no_disorder_evidence,False,,,0,0.0,0,0
00000438,00000438,O95484,217,fbb6ae2840bbcdad2f48e1fea9a6cecf0f4ba4b0f95c0757ac4ffa2286ffe0b4,5,folded,,0.0,no_disorder_evidence,False,,,0,0.0,0,0
00000439,00000439,P62993,217,da732b5e8d2d70df356a38fcb7dcb1f2c8c200f00268f7978afe49f9a7b1783d,5,af2_plddt_fallback,True,1.0,conformational_proxy_only,False,,,0,0.0,0,0
00000440,00000440,Q99807,217,ee9b05487fdc0817541e0ee9a25a0ff681ce66a73ac23b185eebe17ebe55e2b5,5,folded,,0.0,no_disorder_evidence,False,,,0,0.0,0,0
00000441,00000441,P06730,217,157e57336ec87f9f746263022cafc4b988e9ebaf633e0d9724b5dc5e14d7c49b,5,folded,,0.0,experimentally_curated_contains_idr,True,DP02399,P06730,35,0.16129032258064516,34,3
00000442,00000442,P00492,218,819c9375ca8203a769c0057f7559e710fe631aed473659d15334841a9cb908e5,5,folded,,0.0,experimentally_curated_contains_idr,True,DP03849,P00492,22,0.10091743119266056,20,4
00000443,00000443,Q6NVU6,218,5a365f5358ddf8634f2e9b18f85fda172744fc6e10eef4f2053edb2800a7bb9c,5,folded,,0.0,no_disorder_evidence,False,,,0,0.0,0,0
00000444,00000444,Q9NZH6,218,7da0d4529b11bed2d3375fad82a827c2e9feaf7a0342b073dd84d5812582c999,5,folded,False,0.0,no_disorder_evidence,False,,,0,0.0,0,0
00000445,00000445,Q8WXB1,218,ac8a56bdb015b5282db425106b60c1f80b2a0f3df4693cc1c28afecbd289e1c8,5,folded,,0.0,no_disorder_evidence,False,,,0,0.0,0,0
00000446,00000446,O00194,218,8fdd94c5c1660f969451f707a4fd8a19e192e679be88e9b2f5e2ec893dd7dcb0,5,folded,,0.0,no_disorder_evidence,False,,,0,0.0,0,0
00000447,00000447,P09488,218,7dc4b0059cbb0294729f59988d674c42f4355b7c0d9e439c4e059cd1acbd2a60,5,folded,,0.0,no_disorder_evidence,False,,,0,0.0,0,0
00000448,00000448,P20337,219,2c8981834dd7d7d91d51b3e2fd09b6555098223a3f31714107b5e96aa04a59ef,5,folded,,0.0,no_disorder_evidence,False,,,0,0.0,0,0
00000449,00000449,O95716,219,d94ebb36e2bd492aa4b63508efa9484ee25c70004cb8dbcf9ac05d3f001df813,5,folded,,0.0,no_disorder_evidence,False,,,0,0.0,0,0
00000450,00000450,Q07326,219,0ef93e2907b212db3988e0d32d5c1ad0bb1a37c04915dfa6d3e0b3e218e1308c,5,folded,,0.0,no_disorder_evidence,False,,,0,0.0,0,0
00000451,00000451,Q92963,219,402fd3b924242d55a9232da5ba367db41b56c200ce826382b830a6513f34a966,5,folded,,0.0,no_disorder_evidence,False,,,0,0.0,0,0
00000452,00000452,P56880,219,c8291ec675e8b557a3c2927c2ca80489cda4034c1f304026bf3ceb5dd0834254,5,folded,,0.0,no_disorder_evidence,False,,,0,0.0,0,0
00000453,00000453,Q8NB37,220,24895f7552f790d180c5a4dea9e2d245a220d8e7db3971f5a4ce4ecd740b4155,5,folded,,0.0,no_disorder_evidence,False,,,0,0.0,0,0
00000454,00000454,P51809,220,9c70ab274c0904e69a08af1c1c9070b9bc690fea3d633a74fa6d5a7708f47434,5,folded,,0.0,no_disorder_evidence,False,,,0,0.0,0,0
00000455,00000455,Q9H0Y0,220,30e46fad816590fd803f22d0978ef0da64bef7ea1492546ffbb2b0060c141669,5,folded,,0.0,no_disorder_evidence,False,,,0,0.0,0,0
00000456,00000456,O75629,220,9260fc3cf309747aac35b9988a4bce92aab09d79a292e584a59cca0d2fa875b4,5,folded,,0.0,no_disorder_evidence,False,,,0,0.0,0,0
00000457,00000457,O15551,220,0ba9b6b5e9b4d156e81521db8fb4d3e7cc60b100b6cbca960bdfd1c14ccf5b68,5,folded,,0.0,no_disorder_evidence,False,,,0,0.0,0,0
00000458,00000458,O60636,221,c7f03ab966fff9af711b081f677c42e9f75291557ead868be3e730d4540e0b46,5,folded,,0.0,no_disorder_evidence,False,,,0,0.0,0,0
00000459,00000459,A6NI61,221,3c577235ee6437de8980bd7a4490ce42c359d95187e55bec3a084c89e687b18d,5,folded,,0.0,no_disorder_evidence,False,,,0,0.0,0,0
00000460,00000460,A9UHW6,222,67640092285c03eb6053ee428b083ff2140143d5c944b2ca3639958b1bf305e8,5,folded,,0.0,no_disorder_evidence,False,,,0,0.0,0,0
00000461,00000461,Q9BS40,222,82daaadc36ad6e633e5183e5beaa3dc65e6a071f1de5d2ae4a4b92845262e265,5,folded,,0.0,no_disorder_evidence,False,,,0,0.0,0,0
00000462,00000462,A0A7G5VWW1,222,66b516173e3c746a52490e76fc92c0334c589cb5e7df1d3977e93e6fc9bde950,5,ebi_mobidb_lite,True,1.0,experimentally_curated_fully_disordered,True,DP04020,A0A7G5VWW1,222,1.0,222,1
00000463,00000463,P04179,222,ddc247f561a1eb32f0d22f6619a8fcb7dea82d465353ccaf0a3e6d5fb3c1ed0c,5,folded,,0.0,no_disorder_evidence,False,,,0,0.0,0,0
00000464,00000464,Q5JT25,222,e46eff699a3feef7f0efe2caa8d5a93a3fa177ccea7bf27d03539bf6b67db95e,5,folded,,0.0,no_disorder_evidence,False,,,0,0.0,0,0
00000465,00000465,P27144,223,a94f8cfb4ac3b29a0ababcb71a9d14512b4ad63c04d3f667f2ac4c25024e73e7,5,folded,,0.0,no_disorder_evidence,False,,,0,0.0,0,0
00000466,00000466,Q99720,223,505bfb3d1260c6a4e19cde894af5b280bdb5f0833bc980cb58448501fc7e158b,5,folded,,0.0,no_disorder_evidence,False,,,0,0.0,0,0
00000467,00000467,P02743,223,159faf197933f3e0aa8ba281ce805d5e98f352443a8536230649f4e70bb304f1,5,folded,,0.0,no_disorder_evidence,False,,,0,0.0,0,0
00000468,00000468,P09936,223,237bcd43f0b8ebac79e54027eb8c1e999146aa48070c04253e5d83c0059c24c3,5,folded,,0.0,no_disorder_evidence,False,,,0,0.0,0,0
00000469,00000469,P30041,224,0c775ef7351acbb4690195ef3f0c22a55e87e1bcab088764e8f51744a1833e4a,5,folded,,0.0,no_disorder_evidence,False,,,0,0.0,0,0
00000470,00000470,Q8N6F1,224,a0ae04f832f8522820c42d92b2fa587b870fc8a830577ebabbdff385607620d0,5,folded,,0.0,no_disorder_evidence,False,,,0,0.0,0,0
00000471,00000471,P21266,225,68b1594a154deb19301485dd8cc6e580e09278cec84b64c87c592cc23def12db,5,folded,,0.0,no_disorder_evidence,False,,,0,0.0,0,0
00000472,00000472,Q13637,225,f13fc0fe2020dfad356fd4efb7a05bb90310875bb88ffad60e2bef91b9b94ed3,5,folded,,0.0,no_disorder_evidence,False,,,0,0.0,0,0
00000473,00000473,P29033,226,70fb9047856d6e938959bbb21d9cce60a003c96b87987dc7740155092df6324b,5,folded,False,0.0,no_disorder_evidence,False,,,0,0.0,0,0
00000474,00000474,Q96AZ1,226,147997d8027d85687bb06f008e1b014fa0380b6581bdf45bfb9044be815d35cf,5,folded,,0.0,no_disorder_evidence,False,,,0,0.0,0,0
00000475,00000475,P16401,226,d224e13624d8e651b57c2dd5863cb87038b2d412e4c69ea6177a8918eb79e359,5,ebi_mobidb_lite,True,0.7654867172241211,prediction_only_disorder,False,,,0,0.0,0,0
00000476,00000476,Q8N661,226,192716e06ccf0980a0a6f57d2128b02f05c777d7255cdefb075b1e79d7782f53,5,folded,,0.0,no_disorder_evidence,False,,,0,0.0,0,0
00000477,00000477,P00846,226,f04cc5d595c72430155880ed7d557ac1f0a36adce1ef12f35e417ca6534821e3,5,folded,,0.0,no_disorder_evidence,False,,,0,0.0,0,0
00000478,00000478,A0A1W0WK50,227,f85c1284c1cbc3d4a51c07988949a614e2394bd9a73efd8ebae8cb1ca5e073e2,5,af2_plddt_fallback,True,1.0,experimentally_curated_fully_disordered,True,DP01384,P0CU50,227,1.0,227,3
00000479,00000479,Q9UIJ7,227,87de11223f7109612fff356091798ed061dd03b588f11f19c0d618b84d71bb8c,5,folded,,0.0,no_disorder_evidence,False,,,0,0.0,0,0
00000480,00000480,Q96E17,227,c15e1dab2e8589fd5253bce4c02f510ac75751cae912934930df1ec467f0f267,5,folded,,0.0,no_disorder_evidence,False,,,0,0.0,0,0
00000481,00000481,P22061,227,ae28cf5fe9de4400a5376278bf1b5df2eb0399276958275c019569d076d1cc9a,5,folded,,0.0,no_disorder_evidence,False,,,0,0.0,0,0
00000482,00000482,O95619,227,927acc1a37ca13d792fa8f0e2839f75f31216d8c6962215f472e74f5949ebd15,5,folded,,0.0,no_disorder_evidence,False,,,0,0.0,0,0
00000483,00000483,P00403,227,353de6358498ddba7c7ec4236dc3575a0241d53501b23b6796b56efad27adaae,5,folded,,0.0,no_disorder_evidence,False,,,0,0.0,0,0
00000484,00000484,P78369,228,7d34151b2a3d46044244cea1c525c88a097781ed34f3ec72da4acf1e43a99e46,5,folded,False,0.0,no_disorder_evidence,False,,,0,0.0,0,0
00000485,00000485,P21926,228,d7b8d5d59ffabc059b476121645616fd35c06710fe384a828c095aa93c80b832,5,folded,,0.0,no_disorder_evidence,False,,,0,0.0,0,0
00000486,00000486,Q9NWU2,228,9f7697d151562fea8d4647540e8ef94a153a3cedd7522ace6a1f6b24dc81aa51,5,folded,,0.0,no_disorder_evidence,False,,,0,0.0,0,0
00000487,00000487,P52803,228,9257b44fda3f9b4f0ec1902cdce820a4561677898c72dcec439939901ff175b0,5,folded,,0.0,no_disorder_evidence,False,,,0,0.0,0,0
00000488,00000488,Q6NVH7,229,a3acc2df17e1bf069d31732b5e953d67807cee154148c400f3c44b3938496f78,5,folded,,0.0,no_disorder_evidence,False,,,0,0.0,0,0
00000489,00000489,Q9P126,229,4443d41b5d880dc91fbff834c17098884d53c3909088a3c7250210a266fea1d3,5,folded,,0.0,no_disorder_evidence,False,,,0,0.0,0,0
00000490,00000490,O43761,229,35776e4e09c0d26530aef60337f13c1cda08309856fe14d65bb053c9c53bc40f,5,folded,,0.0,no_disorder_evidence,False,,,0,0.0,0,0
00000491,00000491,Q9H867,229,d7c5e54c7832108c4d519113a2162026b40ca3ebaa724b5d8c521bac6d3dc006,5,folded,,0.0,no_disorder_evidence,False,,,0,0.0,0,0
00000492,00000492,Q53R12,229,c6c3a55e8465a36a6fed8ebfdb87087558b7ed2f7939c019fd822c4b71edaf05,5,folded,,0.0,no_disorder_evidence,False,,,0,0.0,0,0
00000493,00000493,O95237,230,8ce9042c6a2677285b37fb3d9f4974587901bc666254e9b4846b8ea63cff3457,5,folded,,0.0,no_disorder_evidence,False,,,0,0.0,0,0
00000494,00000494,Q8IUX1,230,16b6e887222cc7fc9fac569c56b449cbba8066218bed4fc91ca5089af3396082,5,folded,,0.0,no_disorder_evidence,False,,,0,0.0,0,0
00000495,00000495,Q96C74,230,27f7779bd8d50264e3b1e6016f940d406499b5642c0d69c2fb30970ffac98caa,5,folded,False,0.0,no_disorder_evidence,False,,,0,0.0,0,0
00000496,00000496,P15374,230,3a2e230ed99300f3b9ec134e40f4688d6a13e53814bbe6abade3979cc3322025,5,folded,,0.0,experimentally_curated_contains_idr,True,DP03108,P15374,20,0.08695652173913043,20,1
00000497,00000497,Q15125,230,ab62cd8ae2dc49c524ec6df1c2093acd7af67f4132befdbfb6a4c8d2fe883746,5,folded,,0.0,no_disorder_evidence,False,,,0,0.0,0,0
00000498,00000498,Q96BR5,231,61014432aaac8a2afa6a89d91d3b89110b38da03ec0e71a9ccc8780baaf427c8,5,folded,,0.0,no_disorder_evidence,False,,,0,0.0,0,0
00000499,00000499,A0PK11,232,e9124073a3150ceb2d2687310f1e558cf031e749856be34c556e686283948c34,5,folded,,0.0,no_disorder_evidence,False,,,0,0.0,0,0
00000500,00000500,Q07817,233,7ff04ddccf949e11263e780f4fb3492ae973c50c851a4df836fb5d6e323a318a,5,folded,,0.0,experimentally_curated_contains_idr,True,DP00298,Q07817,56,0.24034334763948498,56,4
00000501,00000501,P25787,234,634ba26f4dbf951056e95b2e8eb8b98bf487260fd6360922177ae59a79ab5cd1,5,folded,,0.0,no_disorder_evidence,False,,,0,0.0,0,0
00000502,00000502,F4JL28,234,a99d26d247cd21cb9d3079f1b044fed8b8db68e98db475dd487b353300da88cf,5,af2_plddt_fallback,True,1.0,experimentally_curated_short_disorder,True,DP02690,F4JL28,28,0.11965811965811966,14,2
00000503,00000503,Q96Q80,235,a489f073e04a2828d5949340f4bb759aa7c13ab0e0d370626cd72d0457a81272,5,folded,,0.0,no_disorder_evidence,False,,,0,0.0,0,0
00000504,00000504,Q8TAC9,235,a01a0de476ca6f5e424fae94df21860e2d686bed0a7fde1e7b5dbb03bcbb13bc,5,folded,,0.0,no_disorder_evidence,False,,,0,0.0,0,0
00000505,00000505,Q9NQT4,235,2f5134213a9f1129136a678bb31b772a54dda31342dca3a846fcb5707dec050b,5,folded,,0.0,no_disorder_evidence,False,,,0,0.0,0,0
00000506,00000506,P41227,235,740245f0cd2e3fa0e6dc52ca3115172f89d1680cb7012023b117bbfa5a66344f,5,folded,,0.0,experimentally_curated_partially_disordered,True,DP03148,P41227,75,0.3191489361702128,75,1
00000507,00000507,Q9BQD7,235,fe0fcb1cd81993dbd9249451b2e031766c0b1e60b3c0cfd538573b61e4284a72,5,folded,,0.0,no_disorder_evidence,False,,,0,0.0,0,0
00000508,00000508,A0A3Q8IT45,235,4a9e68232b5a1781cbfae83b6fe74830642fd80d62b129c9aa782008aaed49fe,5,ebi_mobidb_lite,True,0.15744680166244507,experimentally_curated_contains_idr,True,DP04432,A0A3Q8IT45,54,0.2297872340425532,54,1
00000509,00000509,A0A109NYM0,235,7f6f4564b3e300819574e3bc2efd4e63fbb4e9ae6a0212d816a2a3e99754b1cd,5,ebi_mobidb_lite,True,0.1319148987531662,experimentally_curated_short_disorder,True,DP03765,A0A109NYM0,10,0.0425531914893617,10,1
00000510,00000510,Q14353,236,012573999d576a3c0f9841625c6d7c3764de44c2e09863dd6a639e98bad24b6b,5,folded,,0.0,no_disorder_evidence,False,,,0,0.0,0,0
00000511,00000511,Q9BQ50,236,7f5b70743588ec9ebf8994aae3dd2e2aeaa4f0da21a1b8da567244ef123bd46a,5,folded,,0.0,experimentally_curated_short_disorder,True,DP02710,Q9BQ50,10,0.0423728813559322,10,1
00000512,00000512,P60033,236,2d48a92016393745de0b5c90fb8dd160380eabaef360b817649cf8451c9511ee,5,folded,,0.0,no_disorder_evidence,False,,,0,0.0,0,0
00000513,00000513,P41238,236,520b22acf8291ac62d918e0ac39ac331aa828b9119e33ad729df39e3bd4387cd,5,folded,,0.0,no_disorder_evidence,False,,,0,0.0,0,0
00000514,00000514,Q9ULC3,237,2a84205978e596798cac8fbc90c9684efba1a7099df7a1381b2739638d207182,5,folded,,0.0,no_disorder_evidence,False,,,0,0.0,0,0
00000515,00000515,Q5VWZ2,237,11c7d0a423e075c8f83696cd555f89fa5074655a0ed70bc96caef84c068f0a4c,5,folded,,0.0,no_disorder_evidence,False,,,0,0.0,0,0
00000516,00000516,P19075,237,52cd31489fca498b1fa74914c387351d8810a277639616ddbad78b9bb4ffb948,5,folded,,0.0,no_disorder_evidence,False,,,0,0.0,0,0
00000517,00000517,O75204,238,61839014182640c71edb245677b4549d957be04269bede588dffa30be077ab73,5,folded,False,0.0,no_disorder_evidence,False,,,0,0.0,0,0
00000518,00000518,P08962,238,b9c273a9948e060a1b3b5d2e50fad54e0cbc2364332786af6c3ce24636d6531b,5,folded,,0.0,no_disorder_evidence,False,,,0,0.0,0,0
00000519,00000519,P10415,239,fff13b41ef65181ecfd036c714d8c453d73781b4e2a5bd73a6cbe02d9829fb19,5,folded,,0.0,experimentally_curated_contains_idr,True,DP00297,P10415,23,0.09623430962343096,23,1
00000520,00000520,Q9GZP9,239,8bdfe758891ba326baacbf759a5d3747681c08d9f776466adc3a9ea8ff530a94,5,folded,,0.0,no_disorder_evidence,False,,,0,0.0,0,0
00000521,00000521,P28072,239,8e05a40e7e57f9ae1ce2f5691eebe8b62685ce75183a3a514c3ec49d0fb91d7a,5,folded,,0.0,no_disorder_evidence,False,,,0,0.0,0,0
00000522,00000522,B0Y813,240,ea7b1f3d05abafce7fb6bba3d00557a3c3c7c539ab8fcb726e3291a2df52ffda,5,af2_plddt_fallback,True,1.0,experimentally_curated_contains_idr,True,DP03362,B0Y813,24,0.1,24,1
00000523,00000523,P30711,240,89ca34b2c7f43b779bc712e2b0a10ee6cab8abbc6512734cddcf5e67b63f9622,5,folded,,0.0,no_disorder_evidence,False,,,0,0.0,0,0
00000524,00000524,Q01081,240,0ac226c1624f0a1afc89ff3f2dcac364bc6a7716762d362dcfdc01538e620eb7,5,folded,,0.0,experimentally_curated_partially_disordered,True,DP01456,Q01081,115,0.4791666666666667,115,1
00000525,00000525,O00299,241,b29431fa1a7d8a11fccb267497c21e7dc511232eb80067295b86d7ebf0b7dfcb,5,folded,,0.0,experimentally_curated_contains_idr,True,DP03162,O00299,32,0.13278008298755187,21,2
00000526,00000526,P20618,241,d839c1e7bbfddd8a991606764ce2993b78e0eb29cf1b0a10f239de93296c3067,5,folded,,0.0,no_disorder_evidence,False,,,0,0.0,0,0
00000527,00000527,P28066,241,eb7ee6827d8cbf99beea37ed7f1c72ea84d307f3e331b29d74450846e9708f47,5,folded,,0.0,no_disorder_evidence,False,,,0,0.0,0,0
00000528,00000528,O60635,241,78f1e00fd53a3274ac915932586e83355c8b9afe62e555052bc73f627da31296,5,folded,,0.0,no_disorder_evidence,False,,,0,0.0,0,0
00000529,00000529,Q9BUP3,242,f0cc374b40a3df77970dd1897c9d7e1b8e9f742eaf50cb721279ef3140d3cc88,5,folded,,0.0,no_disorder_evidence,False,,,0,0.0,0,0
00000530,00000530,P31944,242,0e067e7e96dba1e520fba5e7843dc3fa3801fd2c803a88ace166ab8a28d5c3cb,5,folded,False,0.0,no_disorder_evidence,False,,,0,0.0,0,0
00000531,00000531,Q9Y2R9,242,94f3b91140e5afec13c0e7bc50eb2e996429e296f7ed606344347d29ed31229f,5,folded,,0.0,no_disorder_evidence,False,,,0,0.0,0,0
00000532,00000532,A0A175WC91,243,56197a6a3bbfc54245f0b558e8d5021486eca1b2fd1bbea7b9935d85c9dfd8a4,5,af2_plddt_fallback,True,1.0,experimentally_curated_short_disorder,True,DP03786,A0A175WC91,16,0.06584362139917696,16,2
00000533,00000533,P61328,243,c6f46df7e5d4031af74aedd0e3b9ed22247e06912b63983ad1a46225dde1b74b,5,folded,,0.0,no_disorder_evidence,False,,,0,0.0,0,0
00000534,00000534,P23396,243,b19ed740e19349873e90269592156769a66f859091c1eb70c68ca36a287fa594,5,folded,,0.0,no_disorder_evidence,False,,,0,0.0,0,0
00000535,00000535,Q92876,244,95a6d9dafd4a6b80f49ae48dd3aba141b33684f70afe0af7128957d767e0840d,5,folded,,0.0,no_disorder_evidence,False,,,0,0.0,0,0
00000536,00000536,P09417,244,d1394db5a96a81eb272c6aa9aa2c8248761f01710674119b310a22c2d151798d,5,folded,False,0.0,no_disorder_evidence,False,,,0,0.0,0,0
00000537,00000537,Q6IQ22,244,ba02b39fe49bd56e7a8577b8338cbd5854ec9aef8b17023fe47d59036be87350,5,folded,,0.0,no_disorder_evidence,False,,,0,0.0,0,0
00000538,00000538,P61587,244,a56de68d8ab769bee9d443fc76942ce369962aad72cce0f48a028d4330697291,5,folded,,0.0,experimentally_curated_short_disorder,True,DP02804,P61587,19,0.0778688524590164,19,1
00000539,00000539,P0CG29,244,0404379877fed2b0a266d76f928eae7fbe3e0a15896940b779d4ed99ef7542d4,5,folded,,0.0,no_disorder_evidence,False,,,0,0.0,0,0
00000540,00000540,P63104,245,f6eb0debd8fc126ee8b215315ab61c88559ab9c18c579a020673063c4ed1e839,5,folded,,0.0,experimentally_curated_short_disorder,True,DP03654;DP04073,P63103;P63104,29,0.11836734693877551,17,3
00000541,00000541,Q92913,245,3b53fe1258d247f75c843409478524d835bd8d8e6c76e40aeb550fa3a606fd37,5,folded,,0.0,experimentally_curated_contains_idr,True,DP01404,Q92913,25,0.10204081632653061,25,1
00000542,00000542,P27348,245,23444bf380e520bfc839fafd2bf5d943b7f249feb18ea7a264c2144d9a152d1c,5,folded,,0.0,no_disorder_evidence,False,,,0,0.0,0,0
00000543,00000543,Q9UI43,246,18ca8754ed4603de28ea120dfe5bba27937062261a4e5f277b848f7de2fd6b64,5,folded,,0.0,no_disorder_evidence,False,,,0,0.0,0,0
00000544,00000544,P31946,246,dbadc085543693fc179ee24405711b22cd40118c5d41ebde4797e8ce259c1c70,5,folded,,0.0,no_disorder_evidence,False,,,0,0.0,0,0
00000545,00000545,A4IDS4,246,d6feeebe0cb62f2d00693751a89a17971751f57ef21ff1be48d0c1d4ddad26b2,5,af2_plddt_fallback,True,1.0,experimentally_curated_contains_idr,True,DP03779,A4IDS4,35,0.14227642276422764,35,1
00000546,00000546,O15305,246,0a09f61f67a82fbb7f310e27eaadbd2586fb486d3a22f4da5898bd03a0f8fca0,5,folded,,0.0,no_disorder_evidence,False,,,0,0.0,0,0
00000547,00000547,P61981,247,0472f1c5d0009e840b47541564d7889ed2461d4f06ea85258ecc0e027c476537,5,folded,,0.0,no_disorder_evidence,False,,,0,0.0,0,0
00000548,00000548,A0A3S7WPD8,247,2b15a86119b764786ea4daa8ce0db5d4072e932a6086f3e92c5134145db531aa,5,af2_plddt_fallback,True,1.0,experimentally_curated_contains_idr,True,DP03775,A0A3S7WPD8,33,0.13360323886639677,33,1
00000549,00000549,O15247,247,1c66fc8ed303ff49738aeb5e956669f2f17dc1a112c025bd6cdbcbe15c38b524,5,folded,,0.0,experimentally_curated_short_disorder,True,DP03163,O15247,14,0.05668016194331984,14,1
00000550,00000550,Q92915,247,94b9f81da3bc22fa7ce6c1ecb5f8efc4a38e73c4bb6cca35c662097c27945c36,5,folded,,0.0,no_disorder_evidence,False,,,0,0.0,0,0
00000551,00000551,P07478,247,3871a5cd6c282c9d118035b3ecd83e0d77d28259a4a39cf04f6b64fa60e8924e,5,folded,False,0.0,no_disorder_evidence,False,,,0,0.0,0,0
00000552,00000552,Q7Z7J7,247,aed18fe64eb74ee824aed601d8defec984b6dd0ae0dd706bafa40d956fe702e7,5,folded,,0.0,no_disorder_evidence,False,,,0,0.0,0,0
00000553,00000553,P31947,248,75f00efe46b76f5ba5702b3097ac9ab4df81cdd6aba29bb1ed826ec227372e8a,5,folded,,0.0,no_disorder_evidence,False,,,0,0.0,0,0
00000554,00000554,Q8N7B6,248,a5653a6336f1691b86839b1dac8de4dccf276ba8b51f517e31b363da7ac93fca,5,folded,,0.0,no_disorder_evidence,False,,,0,0.0,0,0
00000555,00000555,Q9BRU9,249,e972e11fbb70391f96f40d83626467230e4ac6155ff97f732bde0b8b21975ba2,5,folded,,0.0,no_disorder_evidence,False,,,0,0.0,0,0
00000556,00000556,P39687,249,4ae0ba5a327f7f0027ee89595f3c2a1cb270d21afe5ea0d53d854e856182e8a1,5,folded,,0.0,disprot_exact_without_disorder_region,True,DP04315,P39687,0,0.0,0,0
00000557,00000557,P19404,249,5c20c649fa48f13b1a5b622ef57749220698c792b5f97dc4e6ac1fc63db68ba7,5,folded,False,0.0,no_disorder_evidence,False,,,0,0.0,0,0
00000558,00000558,A6ND01,250,c6c260ca47e9594568f667143caa4be181668cfd348c210004e7e83853f7ab9d,5,af2_plddt_fallback,True,1.0,experimentally_curated_short_disorder,True,DP03209,A6ND01,12,0.048,12,2
00000559,00000559,P13284,250,ad30d4c5100eb8251eb3a8cd5157b224113ed45b242e05452766f92e97455b59,5,folded,,0.0,no_disorder_evidence,False,,,0,0.0,0,0
00000560,00000560,P30793,250,7d7a1c35eddf3ed8c4e771b2d37fed39aec73468eba8727e3725d54e90638085,5,folded,False,0.0,experimentally_curated_contains_idr,True,DP03118,P30793,57,0.228,42,2
00000561,00000561,A0ZWU1,251,d24c582d76063c27c71ca83f3bda25a8758481f6ca8acd03aa60a3d95e82fa28,5,ebi_mobidb_lite,True,0.5139442086219788,experimentally_curated_partially_disordered,True,DP01791,A0ZWU1,94,0.3745019920318725,94,1
00000562,00000562,P20160,251,7507d6528715a8eec3f7132c7b8a4cea76e478c10b642ed74cb5adb4398657c7,5,folded,,0.0,no_disorder_evidence,False,,,0,0.0,0,0
00000563,00000563,P49447,251,8997352290d2ef16fe971e143a92bdcc6452e300164492edd03b90b69db343d8,5,folded,,0.0,no_disorder_evidence,False,,,0,0.0,0,0
00000564,00000564,Q9Y2B2,252,5f05661d85dce5b50f6b1bf29d193fcbbf0300a39227c77304ba05ab0ad261fb,5,folded,False,0.0,no_disorder_evidence,False,,,0,0.0,0,0
00000565,00000565,Q9NY35,253,4d59de0c5fbaf6155b2f2ffa52302ddbf008562b218b014b49c396356919c9ce,5,folded,,0.0,no_disorder_evidence,False,,,0,0.0,0,0
00000566,00000566,Q96S44,253,23614e5b0071e80e643d95e7442a5951c9e37c7104bba22334d651d1da0ebc2e,5,folded,,0.0,no_disorder_evidence,False,,,0,0.0,0,0
00000567,00000567,P15259,253,12ee90d39d7a60e73309b975b24a646be7b3e824040e90eceef0aa1dbc25df04,5,folded,,0.0,no_disorder_evidence,False,,,0,0.0,0,0
00000568,00000568,P48509,253,30195cf3be5f2cc16cca69a2f71c9974cbe307255e5e0be5e9ba6d76a5f1172d,5,folded,False,0.0,no_disorder_evidence,False,,,0,0.0,0,0
00000569,00000569,O95571,254,75df365181aba0e46c09a80ab77e5bb8cadb546ef85921c20651cb7769e65b5a,5,folded,,0.0,no_disorder_evidence,False,,,0,0.0,0,0
00000570,00000570,A4IBS2,254,08cb74071e7e271629d651e7de0ec665a5ae4652149c68b160bc2476deb14d78,5,af2_plddt_fallback,True,1.0,experimentally_curated_contains_idr,True,DP03770,A4IBS2,29,0.1141732283464567,29,2
00000571,00000571,A4HN55,254,1f5c39a3f0a2b0635ea5e42d7289afa6472bb889ff58408da166ca6bd401cf4e,5,af2_plddt_fallback,True,1.0,experimentally_curated_contains_idr,True,DP03764,A4HN55,29,0.1141732283464567,29,1
00000572,00000572,P01909,254,ea7e1f6c0d2dde01171d775f03efa30c6b5111618e3ca65e1a82c8d37d0b15dc,5,folded,,0.0,no_disorder_evidence,False,,,0,0.0,0,0
00000573,00000573,P31213,254,7be15bef7aeb161cc050a294e7a4a2e1f70cd9358f41b59831a41a435a20ebed,5,folded,,0.0,no_disorder_evidence,False,,,0,0.0,0,0
00000574,00000574,A0AAI8ESY0,255,80c8a5f8b2c4a99732d0cda0d7713ecab3965479a2b68c4d4649052c283ac46f,5,af2_plddt_fallback,True,1.0,experimentally_curated_partially_disordered,True,DP04401,A0AAI8ESY0,102,0.4,102,2
00000575,00000575,Q9H063,256,c68cd9dbcc89be9a9f00806ee8bcb9efdefa5b1ec7660fd466ef22266e465fc0,5,folded,,0.0,no_disorder_evidence,False,,,0,0.0,0,0
00000576,00000576,Q9NP55,256,4c91dd571e9e18c48b0f876307ea4dcf5c357175e56176a5859fe7675d7d6d39,5,folded,False,0.0,no_disorder_evidence,False,,,0,0.0,0,0
00000577,00000577,P30048,256,d637974b8084f6d94d3f1f830f012212805c2e79fe24c17bdd273b507b6db9f1,5,folded,,0.0,no_disorder_evidence,False,,,0,0.0,0,0
00000578,00000578,Q8WW43,257,7c5e27357562f9368927302f89c612ef3cc3f40cfc5c92d91f8e4f8c63308805,5,folded,,0.0,no_disorder_evidence,False,,,0,0.0,0,0
00000579,00000579,A0A2U8QNT7,257,68641bbf0990696823bd12ac861be9567d2f26b1063d8272d3618f7526276c99,5,af2_plddt_fallback,True,1.0,experimentally_curated_fully_disordered,True,DP03392,A0A2U8QNT7,257,1.0,257,1
00000580,00000580,Q9BU20,258,10b8f2683a8d3464a7b8f0a87b36509aa6337dd4cbc8acc2277cd83cea2275b5,5,folded,,0.0,no_disorder_evidence,False,,,0,0.0,0,0
00000581,00000581,Q96H20,258,a4c9f00237bb155c436b94834a77c3f95123c9031c40d0a7afeb8cbfad0f0abd,5,folded,,0.0,experimentally_curated_contains_idr,True,DP02598,Q96H20,25,0.09689922480620156,25,1
00000582,00000582,A0A178W0D3,259,97c4902307da7ad5c43e2288775ed1039727d19db8fd40fb9f71c178b46b8c42,5,ebi_mobidb_lite,True,0.10038609802722931,experimentally_curated_contains_idr,True,DP02341,A0A178W0D3,39,0.15057915057915058,39,2
00000583,00000583,O96011,259,5569ffbd11fd55589c590e919dbf4ec75a8e75ee6a36464f2c5bb2569e6452ec,5,folded,,0.0,no_disorder_evidence,False,,,0,0.0,0,0
00000584,00000584,Q4G0X4,260,e7d35f815838a3362d3db7f6b389bf85ce4a024fd5f809852b3945582f422dc3,5,folded,False,0.0,no_disorder_evidence,False,,,0,0.0,0,0
00000585,00000585,Q9BXT2,260,dbc23b94451686e1eda2036f04619265577d13c4bda54534a1ec1181e42998b3,5,folded,,0.0,no_disorder_evidence,False,,,0,0.0,0,0
00000586,00000586,O60762,260,15f64df8c8f0b1086f5af0ff4d37a3ace660213c44b800fd60bc9897c4870e95,5,folded,False,0.0,no_disorder_evidence,False,,,0,0.0,0,0
00000587,00000587,P00414,261,fc3ab652b5a6fd83fd2abf8f7c0e07b2bafd76c97f9d21fbcaf1413947e6fe46,5,folded,,0.0,no_disorder_evidence,False,,,0,0.0,0,0
00000588,00000588,Q9NVS9,261,a0b1f883cc5f9c9027c1def6b9cdcf98dfa9a2e1e254120711aa8e33581e8804,5,folded,,0.0,experimentally_curated_contains_idr,True,DP00168,Q9NVS9,48,0.1839080459770115,48,1
00000589,00000589,P01920,261,a7932a343f7b312d85761aca27e29b64a9af1cc6518067355b996c041f399161,5,folded,,0.0,no_disorder_evidence,False,,,0,0.0,0,0
00000590,00000590,P12004,261,9dec884956b52202741953caaa537916ad6312352334832dd7a3581d560d8966,5,folded,,0.0,no_disorder_evidence,False,,,0,0.0,0,0
00000591,00000591,Q99714,261,37892504ee980fd328015aac25738a4d34825fdaadf3d8521ffd2b32fb46269a,5,folded,,0.0,experimentally_curated_contains_idr,True,DP03854,Q99714,40,0.1532567049808429,21,2
00000592,00000592,Q96PM5,261,9b3db11607a4a6bf14bee15bb0d09516dafc21923243ae5097a26662e057893c,5,folded,,0.0,experimentally_curated_contains_idr,True,DP02587,Q96PM5,29,0.1111111111111111,29,1
00000593,00000593,Q96EH8,262,6339a607cd75640403c619f1c6dece0584200b4179c1b0b244a41ca86eb4d853,5,folded,False,0.0,no_disorder_evidence,False,,,0,0.0,0,0
00000594,00000594,Q16635,262,bf261d2eb7ce3a8ac266a3f932b4aa7d0c1dcae74567edcc768910d2b9a8e205,5,folded,False,0.0,no_disorder_evidence,False,,,0,0.0,0,0
00000595,00000595,P25786,263,4368b6ca2d41eea9f7d39396d3054e380555496e57d607818ca26db0d4627422,5,folded,,0.0,no_disorder_evidence,False,,,0,0.0,0,0
00000596,00000596,A4IDD0,264,1cf7332502aa0e8ea644c425ad13beacfedc3265b3d90370bee66d747c6b429c,5,ebi_mobidb_lite,True,0.07575757801532745,experimentally_curated_contains_idr,True,DP03766,A4IDD0,23,0.08712121212121213,23,2
00000597,00000597,O75489,264,26eaa8e3a85a2b5a32863c8eb2c92c16676ca56dec725df66cf016c2bba7ac97,5,folded,False,0.0,no_disorder_evidence,False,,,0,0.0,0,0
00000598,00000598,P28070,264,206f1c6daf801865972dc8203924fcc645fd8cee727bbff38d6bb6d952ee589a,5,folded,,0.0,no_disorder_evidence,False,,,0,0.0,0,0
00000599,00000599,Q8NEB5,264,58a1a61a8fee0f6ff5b6d525e7fcc4c6f784a05f8600a1f51c983088dd070249,5,folded,False,0.0,no_disorder_evidence,False,,,0,0.0,0,0
00000600,00000600,Q96BI3,265,c8002818ccc139ee0f431112255d98fc9a34220d4bf9510b7d47c3ca6bb57ffc,5,folded,,0.0,no_disorder_evidence,False,,,0,0.0,0,0
00000601,00000601,Q9BQ65,265,e879a668629c3b56d8ba9f9966ad7e8c2676b311c36c63c05dd2a9bb83d18fb6,5,folded,,0.0,no_disorder_evidence,False,,,0,0.0,0,0
00000602,00000602,O00142,265,700aaca4d7c026aa2d745608c188ee190df15d5bfc52e364dd642c7d319ac6b0,5,folded,,0.0,no_disorder_evidence,False,,,0,0.0,0,0
00000603,00000603,Q9NV23,265,22f646954f5a10a4d3ac42e43771548c0c23786950bebc77055d19afa85ff9ce,5,folded,False,0.0,experimentally_curated_contains_idr,True,DP02795,Q9NV23,42,0.15849056603773584,24,3
00000604,00000604,Q13491,265,edd9839c5e3d84adbcaca1ba5053cce37ea2d23909ea5b24f0f88327e53d6c01,5,folded,,0.0,no_disorder_evidence,False,,,0,0.0,0,0
00000605,00000605,P01911,266,6c038ed8f95e0248a1ffd4dbab53c0ff1d973269cc93901237862549053780be,5,folded,,0.0,no_disorder_evidence,False,,,0,0.0,0,0
00000606,00000606,O43819,266,64651adbecd156d9b2528c69bf3d3b3282aae88c449638ce9d985b5e5ef09e64,5,folded,,0.0,no_disorder_evidence,False,,,0,0.0,0,0
00000607,00000607,Q9Y287,266,4817b3c22eb996903cd75ed98f574d7db19562e7a51472c7c175c9199f772bfc,5,folded,,0.0,no_disorder_evidence,False,,,0,0.0,0,0
00000608,00000608,P48060,266,490592f75970670d33c17c06a0fab80f0c195a3f2427079df220933c26273e87,5,folded,,0.0,no_disorder_evidence,False,,,0,0.0,0,0
00000609,00000609,Q5TZF3,266,dffd1647b0afb8a0c05ca5a2e9f9fa9c501f6cc59d40414b136eb0e5e42df33f,5,folded,,0.0,no_disorder_evidence,False,,,0,0.0,0,0
00000610,00000610,Q96D21,266,d927137540930e689d002c8411fcdc54597ab9a19b8990a9d107328f3988aaa3,5,folded,,0.0,no_disorder_evidence,False,,,0,0.0,0,0
00000611,00000611,P15428,266,896d919bf6539513108fd166c2e2692936d4880644898c00192e4096814984c1,5,folded,False,0.0,no_disorder_evidence,False,,,0,0.0,0,0
00000612,00000612,Q30154,266,92beee5ed02f9085bbdc54e9d648ab6a44aacc1d93c577ac14c0335be02bf545,5,folded,,0.0,no_disorder_evidence,False,,,0,0.0,0,0
00000613,00000613,P27701,267,de9a6cfaa5ba398a00340c981b0058f26010169f0f74ef672c695e4846b65416,5,folded,,0.0,no_disorder_evidence,False,,,0,0.0,0,0
00000614,00000614,Q9NUN7,267,b5643a8d817817c122c3d1bf7a26fb8b23bea2d129d4cd201158cba358714127,5,folded,,0.0,no_disorder_evidence,False,,,0,0.0,0,0
00000615,00000615,Q9BRQ4,267,c561dfe3747db3989bbb32a1be230ca88acaddbf3f524e2b4b2f6417ff388811,5,folded,False,0.0,no_disorder_evidence,False,,,0,0.0,0,0
00000616,00000616,Q96GR4,267,a67cb8e6161a513df96b8f6e7a606ae77c329969afa92a43b980899718053d08,5,folded,,0.0,no_disorder_evidence,False,,,0,0.0,0,0
00000617,00000617,P62079,268,729dd94688bb1a56353dfe839621e879b27bbbc7baf5ea1f33bcad509a66518e,5,folded,,0.0,no_disorder_evidence,False,,,0,0.0,0,0
00000618,00000618,Q96PN8,268,b425c9a7504dd6f9017bb270083a4db2d4c0f8f2247bd70bfe18f545d58a21eb,5,folded,,0.0,no_disorder_evidence,False,,,0,0.0,0,0
00000619,00000619,P53701,268,92c87b4257b7a293616a022782d65fd37c7b5b7f3e9706229e5b37d35423fb77,5,folded,,0.0,no_disorder_evidence,False,,,0,0.0,0,0
00000620,00000620,P08217,269,5543f0f8a802244a6a5649116e82b6c9fbc22420a3849b0a67b6fb85d597679d,5,folded,False,0.0,no_disorder_evidence,False,,,0,0.0,0,0
00000621,00000621,P29972,269,8aaa3dd189e99d4f3e31d0cd954bbab120f3c76b37754400d84903bf93690fcf,5,folded,,0.0,no_disorder_evidence,False,,,0,0.0,0,0
00000622,00000622,Q8IW03,269,b038339e58f1d94be49e735e56cf43e4d403e02d1aeba07467ff2b6f54428a55,5,folded,,0.0,no_disorder_evidence,False,,,0,0.0,0,0
00000623,00000623,Q8NG11,270,40ddbdc4e1864e54c6f4ca572af2b026f8eb151af743e450a9c46a285946d176,5,folded,,0.0,no_disorder_evidence,False,,,0,0.0,0,0
00000624,00000624,Q9NQ88,270,d9f6017568022767390ec2aa285d07dcbd33868cb4ed1fe71f1ce0c03c73fca1,5,folded,,0.0,no_disorder_evidence,False,,,0,0.0,0,0
00000625,00000625,A5Y0M2,270,30d5c4ae0ca0d0e1685257f317e24d29cd808cc9a0fbfb4c408f6270831f4e31,5,af2_plddt_fallback,True,1.0,experimentally_curated_contains_idr,True,DP03921,A5Y0M2,21,0.07777777777777778,21,1
00000626,00000626,Q96FW1,271,623ad0135b312256a33268a9739557666abaeb2fad21f4dc143f334aa7f5dbeb,5,folded,,0.0,no_disorder_evidence,False,,,0,0.0,0,0
00000627,00000627,Q9H2C2,271,d44c09e0f7becadbab7f86207ba773ddb85c9a9ccb2d2d38457c6d883797e792,5,folded,,0.0,no_disorder_evidence,False,,,0,0.0,0,0
00000628,00000628,P15559,274,f7316e90f68b60994d35f7513e4b9b781c43b6ab0a099325aa3dbf8890800df5,5,folded,,0.0,no_disorder_evidence,False,,,0,0.0,0,0
00000629,00000629,A0L5S6,274,e2cbf7ce97b8b7f52fd68b938b3a7e67eabc8dc8d3553125e8d0093dfb19cf07,5,af2_plddt_fallback,True,1.0,experimentally_curated_short_disorder,True,DP00927,A0L5S6,18,0.06569343065693431,18,1
00000630,00000630,P48507,274,2f8ea1be4e3ca964b1b5e0c74056e2a434c8def2d6c90f5fbd1e69b83e947990,5,folded,,0.0,no_disorder_evidence,False,,,0,0.0,0,0
00000631,00000631,O14618,274,44d801e6d70a542dfa532339915adefb0d32981ad0001bd2421b9220f8104ffc,5,folded,,0.0,no_disorder_evidence,False,,,0,0.0,0,0
00000632,00000632,G3V7P1,274,cd8d61d8298875508318cf2c99171dfd599f5bc26646c8d9eb47ba1c032cb36a,5,ebi_mobidb_lite,True,0.15693430602550507,experimentally_curated_contains_idr,True,DP01501,G3V7P1,69,0.2518248175182482,69,1
00000633,00000633,Q96B21,275,e6fb379add666c27641dca561eb7e021567c5bf777818c329e4c9ebe5209b031,5,folded,,0.0,no_disorder_evidence,False,,,0,0.0,0,0
00000634,00000634,B7T1D9,275,b98dea0d805c63b511fb443ea8b6fc2cf7867d2869ed39085da439b3da9dc956,5,af2_plddt_fallback,True,1.0,experimentally_curated_contains_idr,True,DP01334,B7T1D9,26,0.09454545454545454,26,1
00000635,00000635,Q9H1X1,276,166ae70904fdc86f80454303629a3b3646cac483de1230453b5638fe9ebf0118,5,folded,False,0.0,no_disorder_evidence,False,,,0,0.0,0,0
00000636,00000636,A5F384,276,fcc26364579ede73973f8f3f9942b9f6ae6a1285dc4ed52454835482777aa4f3,5,af2_plddt_fallback,True,1.0,experimentally_curated_short_disorder,True,DP01439,A5F384,10,0.036231884057971016,10,1
00000637,00000637,O43240,276,1514178094b95e3c6c5d082a23348b830a06ab3270eba473958a349722381742,5,folded,False,0.0,no_disorder_evidence,False,,,0,0.0,0,0
00000638,00000638,F9UST4,276,5c11dccc6a7b0dae807e4274bb1107ae9ea6e71abfbfc1485b0e868b3fec42f3,5,af2_plddt_fallback,True,1.0,experimentally_curated_contains_idr,True,DP01168,F9UST4,22,0.07971014492753623,22,1
00000639,00000639,P42574,277,81962b47787bfaba76936dd091396e21617e3f444f9efac4085cd2ac133f56d2,5,folded,,0.0,experimentally_curated_contains_idr,True,DP03152,P42574,42,0.15162454873646208,21,4
00000640,00000640,P60201,277,81be34a10c66ca54519f408f2a9a8898c2d10c16aba6d6adb4ca8b03a9ec69a4,5,folded,,0.0,no_disorder_evidence,False,,,0,0.0,0,0
00000641,00000641,Q8WXK3,278,5582d3526239cc719bc46981149434113c2126ad3f99e9f54c95836099830fe7,5,folded,,0.0,no_disorder_evidence,False,,,0,0.0,0,0
00000642,00000642,P51674,278,09f01abea3c2f284ab313d81ff45cdc442f221d5961609101d8f1ed772404642,5,folded,,0.0,no_disorder_evidence,False,,,0,0.0,0,0
00000643,00000643,Q9BW60,279,bdefd09e168b15f04a157ac6ddf58832e387c0a9665a2a64048df9aacfb0deac,5,folded,False,0.0,no_disorder_evidence,False,,,0,0.0,0,0
00000644,00000644,Q86U90,279,25c7323a65dbf38dcc9019907fb9a7dac1203597394f0ac28816606acb58deb3,5,folded,False,0.0,no_disorder_evidence,False,,,0,0.0,0,0
00000645,00000645,O43543,280,a0895509e7f205b766dad17854a5ec746494f59b788512ba340caf6a9ad70bf4,5,folded,False,0.0,no_disorder_evidence,False,,,0,0.0,0,0
00000646,00000646,O14893,280,eeddd2cd5780262ac1e6f427c1e68944632d18622f1f702804a9b2fb006958bc,5,folded,,0.0,no_disorder_evidence,False,,,0,0.0,0,0
00000647,00000647,Q9Y2V0,281,c4360c3fddd8468a62c1c91e5f985d6ea7a80c8bf467276e713784b5386f41a2,5,folded,False,0.0,no_disorder_evidence,False,,,0,0.0,0,0
00000648,00000648,Q7Z7D3,282,4ae8545c495dbf569bad2e2c1f9e18fc02fdadf177069eaa45ec0495879c17e3,5,folded,,0.0,no_disorder_evidence,False,,,0,0.0,0,0
00000649,00000649,Q07021,282,cb3b9f9c3ede2d536c245815a678713a150f14ac95a1e0f0cd78704f09786886,5,folded,,0.0,no_disorder_evidence,False,,,0,0.0,0,0
00000650,00000650,P24855,282,7d94d85476c1ef34be1e075e63fbad65d33857964cf6497bc07f92786bd3dc87,5,folded,False,0.0,no_disorder_evidence,False,,,0,0.0,0,0
00000651,00000651,Q86UF1,283,7293e8dd39deaa4e11a893caf7dcd99de4942349faed1cf15208eba6a90bd7ad,5,folded,,0.0,no_disorder_evidence,False,,,0,0.0,0,0
00000652,00000652,P08034,283,bd29d4113cb5275ca6f2edc22751e0304ec5de9400a8aa71f7140fc3992ea8f0,5,folded,,0.0,no_disorder_evidence,False,,,0,0.0,0,0
00000653,00000653,P21796,283,b060d1e3f4265f39bdf7cab951c766564c19881a2ae379e7ca845772f01bae5e,5,folded,,0.0,no_disorder_evidence,False,,,0,0.0,0,0
00000654,00000654,Q9Y277,283,ec897c77a3a46b9ca2108bd977ee661e6e27a0a480798a07033c0e3cb604dfb4,5,folded,,0.0,no_disorder_evidence,False,,,0,0.0,0,0
00000655,00000655,A0A504X6A3,283,618fb12f548f89be69f4f519d3b18fc0c81b8e51400e9e537d6927772c9b7648,5,ebi_mobidb_lite,True,0.07067137956619263,experimentally_curated_contains_idr,True,DP03774,A0A504X6A3,54,0.19081272084805653,54,1
00000656,00000656,Q99943,283,48119b0974761852494ffbbaea81c7e83a19ea80755d9a0363c8af513fd37508,5,folded,,0.0,no_disorder_evidence,False,,,0,0.0,0,0
00000657,00000657,Q6UX98,284,80ccd1e20baf08205626d15d66b2ea621853227b4672d12fd8476590bb5540a3,5,folded,,0.0,no_disorder_evidence,False,,,0,0.0,0,0
00000658,00000658,B7T1D7,285,de5eb25414747d20d2e47eb91eff3698d5c61f9f082af0faed25c16dec18cae0,5,ebi_mobidb_lite,True,0.12631578743457794,experimentally_curated_contains_idr,True,DP01093,B7T1D7,46,0.16140350877192983,35,2
00000659,00000659,A0A504Y5E1,285,973e88945e5af11c1a8ea628d4973885c1abe2cdc9be24a2a08bfb27ccb94a24,5,ebi_mobidb_lite,True,0.10175438225269318,experimentally_curated_short_disorder,True,DP03776,A0A504Y5E1,12,0.042105263157894736,12,1
00000660,00000660,P49675,285,e6ad5edf6b7fa9360443c71899e8e7f49dd10992436dfcc7d15cdbc660c8466c,5,folded,False,0.0,no_disorder_evidence,False,,,0,0.0,0,0
00000661,00000661,Q96Q83,286,c6cad75ff6dfb44e9e6f239a24b1ff1ff9c9ea1281abe842ffd630e5bd38d106,5,folded,False,0.0,no_disorder_evidence,False,,,0,0.0,0,0
00000662,00000662,O75323,286,649c935f02e49c0b2006e7e4674385c96d3a3027eca17cf5fc4b4cf82297a691,5,folded,,0.0,no_disorder_evidence,False,,,0,0.0,0,0
00000663,00000663,Q9UBY8,286,6cc92b5e962fc8d1c79732dd8761352b89fc5666120002fee0342f2ece2584ca,5,folded,,0.0,no_disorder_evidence,False,,,0,0.0,0,0
00000664,00000664,P52907,286,1b711a8aab5cbbc04ab25e586088115f3fa988a58240ead3750b22c672d9d6c2,5,folded,,0.0,no_disorder_evidence,False,,,0,0.0,0,0
00000665,00000665,Q6IPU0,288,e5dcd8a71dfd986521aaad404ffd2d05f127facd250f1d82e7bf9948895d7865,5,folded,,0.0,no_disorder_evidence,False,,,0,0.0,0,0
00000666,00000666,Q16623,288,bde2e767225f4c878b3fa427122569686f347b5431fc9409af2582d6b782279f,5,folded,,0.0,no_disorder_evidence,False,,,0,0.0,0,0
00000667,00000667,Q9H765,288,7f4164d7aabc012e7f0bd0a45cabf8f5b42c84004379dbfaec7b2a2ffec727ef,5,folded,,0.0,no_disorder_evidence,False,,,0,0.0,0,0
00000668,00000668,O14732,288,9dae2591785e65062923179f55164913fc82f4958ea9178294754bb227d1b4a5,5,folded,,0.0,no_disorder_evidence,False,,,0,0.0,0,0
00000669,00000669,Q96MP8,289,6bee991fcccf9df92a3c028425e6677360feee60fb2c601dd9db180d14a188ff,5,folded,,0.0,no_disorder_evidence,False,,,0,0.0,0,0
00000670,00000670,P57076,290,aee4d2e0ce75cb31fe0f7d6b3f3b61e9548389c42ec881986b9e67b8b4f879a7,5,folded,False,0.0,no_disorder_evidence,False,,,0,0.0,0,0
00000671,00000671,Q9NZQ7,290,b1b17c7fca3cbab15bc66b90bd4c07f73617cb5a03db105b0a38084fe7bca48b,5,folded,,0.0,no_disorder_evidence,False,,,0,0.0,0,0
00000672,00000672,Q01105,290,f37dbe6a030c88d5e01b7cc9c77e2fc97448ed5100626ab31926f131de851ea0,5,folded,,0.0,no_disorder_evidence,False,,,0,0.0,0,0
00000673,00000673,P35219,290,5689ac6656e58847bfbaa1e8d32d200a462ebee9a87ddbfea1a4c011b50986a5,5,folded,,0.0,experimentally_curated_contains_idr,True,DP04094,P35219,22,0.07586206896551724,22,1
00000674,00000674,P11245,290,15418989336bcbfc72019595c85007b14290b26a03909460b7ec014e93494f5b,5,folded,,0.0,no_disorder_evidence,False,,,0,0.0,0,0
00000675,00000675,Q8WZ04,291,c961d3ac0188b05d31035d094f988f0d6e3de95c9c15b9ac01ddfb9c7595c83f,5,folded,,0.0,no_disorder_evidence,False,,,0,0.0,0,0
00000676,00000676,Q00535,292,eaac9e9e767af863f147d3e73bfc2fa6441dcd6fa09f4a35d72f78f9a9973f5a,5,folded,,0.0,no_disorder_evidence,False,,,0,0.0,0,0
00000677,00000677,Q99614,292,9182c633d018eb9bc78fdfa96a446795666ee1005dc001cdf8ce24d18d0df7cb,5,folded,,0.0,no_disorder_evidence,False,,,0,0.0,0,0
00000678,00000678,Q9H8T0,292,a0e3a5494895d83023fe943511d1395b071fe3276ee3866266fc604a242b270e,5,folded,,0.0,no_disorder_evidence,False,,,0,0.0,0,0
00000679,00000679,B5TV91,292,7b33036cf96cd12721dc64729e7867a858e0d8c9b10cdc0e1d879851938c5998,5,af2_plddt_fallback,True,1.0,experimentally_curated_contains_idr,True,DP03782,B5TV91,58,0.19863013698630136,41,2
00000680,00000680,Q9H3H3,292,7ad87ada039b55c7ffd5b99e7ea595b792cf1246d2dfbea4cb0325fb9a0cf439,5,folded,False,0.0,no_disorder_evidence,False,,,0,0.0,0,0
00000681,00000681,Q13868,293,1b8c973269fe8390dab02d21b2aff7e0cdeea6ad06050c80b5bf8b534562aba7,5,folded,False,0.0,no_disorder_evidence,False,,,0,0.0,0,0
00000682,00000682,Q15800,293,96a405d8ba5148e631e426df7d6fceb1e9f2b9a21e240fd082007422b3a2699e,5,folded,False,0.0,no_disorder_evidence,False,,,0,0.0,0,0
00000683,00000683,Q9P0K9,293,e6d2ace77ddd5870f07a5ec9f7d510e7c265d2cfd4d4e962a4e7adf5cfc0c624,5,folded,,0.0,no_disorder_evidence,False,,,0,0.0,0,0
00000684,00000684,Q9P0N9,293,7c2072ea400f202e8739881a232a7705d67fce68de8cfaefb546ed4d36ca6719,5,folded,,0.0,no_disorder_evidence,False,,,0,0.0,0,0
00000685,00000685,Q96E22,293,8435b2ce0fea1d1e2fa89b7602345684fb33b2eff2961e344e6d28291a2e8f7c,5,folded,,0.0,no_disorder_evidence,False,,,0,0.0,0,0
00000686,00000686,Q96ES7,293,03a3485187fe9799a950a5af209201b9cdf4233f18560113263ef3c877ae2e63,5,folded,,0.0,no_disorder_evidence,False,,,0,0.0,0,0
00000687,00000687,Q8WU03,294,38b63b6b17fb5f2ba7ec4bc29fbbe405d4b3d7336dc4d7beb937db2f288a6b8c,5,folded,,0.0,no_disorder_evidence,False,,,0,0.0,0,0
00000688,00000688,P06748,294,5e7fe8420d821b439b7c0323e70a046980c0264ac0b57440fdc6e6b8d8f969db,5,ebi_mobidb_lite,True,0.4353741407394409,experimentally_curated_partially_disordered,True,DP01474,P06748,141,0.47959183673469385,125,3
00000689,00000689,A0R1T8,294,9634365944c1df2665656b91f5b703bf922ac5d75bdc566c7fa6c7f7ec1ad8f1,5,af2_plddt_fallback,True,1.0,experimentally_curated_fully_disordered,True,DP02502,A0R1T8,238,0.8095238095238095,238,2
00000690,00000690,Q8N4C7,294,8a8ac8343c561528d92cb6544657a04faed2113b106ac003258b8083ef944120,5,folded,,0.0,no_disorder_evidence,False,,,0,0.0,0,0
00000691,00000691,P45880,294,3e534c2af9e7fc7d07d33114592fafe9dbb52639cddfaa2141f987eaa181a4de,5,folded,,0.0,no_disorder_evidence,False,,,0,0.0,0,0
00000692,00000692,Q5VT99,294,9e7cdd0793fc19e3e43f6d3dfda6770a6c0f9f674c0f4d50a00299093f639c95,5,folded,,0.0,no_disorder_evidence,False,,,0,0.0,0,0
00000693,00000693,O95858,294,ad3aab70a140d4c48bba48c5aed473deecfc38b2b35c06e530a3473d2395b9b9,5,folded,,0.0,no_disorder_evidence,False,,,0,0.0,0,0
00000694,00000694,A0A8I5KQE6,295,6d79a57c4b0c7d97d10282f54866f6345427fd8494931d18976c1b3e95862dd6,5,folded,,0.0,no_disorder_evidence,False,,,0,0.0,0,0
00000695,00000695,P24385,295,e4d347c11b0569608066e36f7f033d7acab8e314176cf69b48c011a7eb55c432,5,folded,False,0.0,experimentally_curated_contains_idr,True,DP02226,P24385,64,0.21694915254237288,40,2
00000696,00000696,Q96M98,296,e8b68ff96e69118bab597bea43e2bbdb8de21d75795cce76f9421cf9765ef0db,5,folded,,0.0,no_disorder_evidence,False,,,0,0.0,0,0
00000697,00000697,Q9Y320,296,38e236bf5caf10993d0981acd8cdb6354424d4a02373c43d34771e9eab7aa0b2,5,folded,False,0.0,no_disorder_evidence,False,,,0,0.0,0,0
00000698,00000698,O43704,296,0a257f68bc492a367e44722dec271879908367fd330b135aab564bd3d5f3809c,5,folded,False,0.0,no_disorder_evidence,False,,,0,0.0,0,0
00000699,00000699,Q15274,297,3a828e8d995484529b4edd4cc03b3873eaf0381f1bfb8b28ab24de3e9ff279bf,5,folded,,0.0,no_disorder_evidence,False,,,0,0.0,0,0
00000700,00000700,Q9BSH4,297,57a176b7d7e4dbc38cee984aa6939488a71c6877a4f2be4cb056454e9d3dc5ed,5,folded,False,0.0,no_disorder_evidence,False,,,0,0.0,0,0
00000701,00000701,Q9Y316,297,1a91bf6ee41b1f925b5092fcc98dcd6cef694ea4e78c72b8b8698f6fa4eed1c0,5,folded,,0.0,no_disorder_evidence,False,,,0,0.0,0,0
00000702,00000702,P06493,297,1abdf9f5fe8a5ce4b11f9b7b9cbbd0bc1697da6c82615add5f03f1f0cb3a0cbf,5,folded,,0.0,no_disorder_evidence,False,,,0,0.0,0,0
00000703,00000703,O00560,298,7c92ead486fa668a2125ee9ab984cd55e6b8f21e2314c54ad4982a3855d57514,5,folded,,0.0,no_disorder_evidence,False,,,0,0.0,0,0
00000704,00000704,Q6ZSA7,298,63f18725317c8aff404021ef8f5f0552c3befae4af0bdb72eec37f712fc478d7,5,folded,,0.0,no_disorder_evidence,False,,,0,0.0,0,0
00000705,00000705,Q9NWX6,298,d5c903bd0bc94e140fc5ac3514c6ba755efb426024ec00e29718cce6fd21e359,5,folded,,0.0,no_disorder_evidence,False,,,0,0.0,0,0
00000706,00000706,P29372,298,5458b85388810180b89d4537bcb7c49bb945ba0531e69b178728ace9e87f57cb,5,folded,,0.0,experimentally_curated_short_disorder,True,DP04189,P29372,22,0.0738255033557047,11,2
00000707,00000707,Q9H115,298,d070de641b3ea029c9c5838ed0ae786cb7217eb434903b108d369eaccead5db8,5,folded,,0.0,no_disorder_evidence,False,,,0,0.0,0,0
00000708,00000708,A4D161,298,faafe209a438c9056372dcfd07eddeb72d5b2d28b5c7e8ad2038f013a49a0c15,5,folded,,0.0,no_disorder_evidence,False,,,0,0.0,0,0
00000709,00000709,P24941,298,fe22d91e18cd544a85d7c768cd864172200252df906b774d890dc103224f7c8d,5,folded,,0.0,no_disorder_evidence,False,,,0,0.0,0,0
00000710,00000710,A6NI73,299,d11569df6571422144683312aefe7bb2e681c80224068bd2abc053f694316de6,5,af2_plddt_fallback,True,1.0,experimentally_curated_short_disorder,True,DP02812,A6NI73,11,0.03678929765886288,11,2
00000711,00000711,O75792,299,99d4cd4fae01d8c628c9123b9c25eb38df1b47474554f492f7bcf688dcd42e7b,5,folded,,0.0,no_disorder_evidence,False,,,0,0.0,0,0
00000712,00000712,Q9NYP7,299,183d566413dfab35b3043235bb0731023bfe650b8a9034effda7a6edd7137067,5,folded,,0.0,no_disorder_evidence,False,,,0,0.0,0,0
00000713,00000713,Q9BQT8,299,c0015db19709133b4b8ab1e5064ef58c474a7bd91fd4a59ffe0f5370a95b74d1,5,folded,,0.0,no_disorder_evidence,False,,,0,0.0,0,0
00000714,00000714,Q96KX2,299,5c249ce6ae9e16aa7e49d8c031cf025cef806599579689851e7ee37643dc5802,5,folded,,0.0,no_disorder_evidence,False,,,0,0.0,0,0
00000715,00000715,O95749,300,a781384b86d075b3d6df6ab468d56e1510092bffda62da16402b5a916f50e611,5,folded,False,0.0,no_disorder_evidence,False,,,0,0.0,0,0
00000716,00000716,Q15526,300,6adcb029583b04642759dbaaed50c57dee7a6771a45b8d5504256f08f4e4541b,5,folded,,0.0,no_disorder_evidence,False,,,0,0.0,0,0
00000717,00000717,Q7Z5P4,300,39f29258c000f88424815f1603840a4f6d799cf23f10b33b2c2704e0db2da22c,5,folded,,0.0,no_disorder_evidence,False,,,0,0.0,0,0
00000718,00000718,O15144,300,e161ac1908a7283d6cbd2c7ab02e5a19be5928e6107f79f5377cd799e339df5b,5,folded,,0.0,no_disorder_evidence,False,,,0,0.0,0,0
00000719,00000719,A0A504XZ90,301,a10c3032379d6787d652f6dc6c943940b435411154b6975b1b27ce0d2ae8e5be,5,af2_plddt_fallback,True,1.0,experimentally_curated_contains_idr,True,DP03901,A0A504XZ90,83,0.2757475083056478,54,2
00000720,00000720,A4IDD6,302,5c0c2ed08e017f50cc9b4844e28b2a860ffe94baa66388fba6224261ffb1e5dd,5,af2_plddt_fallback,True,1.0,experimentally_curated_partially_disordered,True,DP03768,A4IDD6,99,0.32781456953642385,99,2
00000721,00000721,Q9BU89,302,bf8bbd79c446b44461bc669656574099da34f247fbf9e7c63b9b387b6cd40ebe,5,folded,False,0.0,no_disorder_evidence,False,,,0,0.0,0,0
00000722,00000722,Q8TDX7,302,2e6f3ed3b378b148a23e802d62446792d7f747bb6bd6c80bab002c72385a2f2c,5,folded,,0.0,experimentally_curated_short_disorder,True,DP04284,Q8TDX7,33,0.10927152317880795,19,2
00000723,00000723,Q9NXW9,302,162facd1728468c9ec341ffe41db6afa2393ef7f09e1eecd916184ee1279eb0d,5,folded,,0.0,no_disorder_evidence,False,,,0,0.0,0,0
00000724,00000724,P49184,302,4806c7ee63ede277a711b975e7f943ea7eda21c9f1b4f673d43baa91d928766e,5,folded,,0.0,no_disorder_evidence,False,,,0,0.0,0,0
00000725,00000725,O75144,302,0ca51f904c28299d8ed0b0dc85edc28e9f28df28a7968477d36f062d257722e0,5,folded,,0.0,no_disorder_evidence,False,,,0,0.0,0,0
00000726,00000726,P09486,303,83e4903637013a7105117caf22702db6d97a4decd94ca79cf33a334310086771,5,folded,False,0.0,no_disorder_evidence,False,,,0,0.0,0,0
00000727,00000727,Q9UNE7,303,08ae15df83f50af69ddd2a34f91d5f1af221e9b0d1b005498d5c3497460e0a89,5,folded,,0.0,no_disorder_evidence,False,,,0,0.0,0,0
00000728,00000728,P55210,303,46ebb6eccca9a8211ae63f0d5f0ce96b03eddc4e5eb65417010464d85df17516,5,folded,,0.0,experimentally_curated_short_disorder,True,DP03203,P55210,15,0.04950495049504951,15,3
00000729,00000729,Q8NI37,304,c488d59fba6f7bb7a11092f08cd954fedb709e876b949e4f0741f24525d8c130,5,folded,,0.0,no_disorder_evidence,False,,,0,0.0,0,0
00000730,00000730,Q14954,304,899ac0f42f6b2ea36b20430704b123925f6bdde4f56a96926bd9ec4e9880dc8c,5,folded,,0.0,no_disorder_evidence,False,,,0,0.0,0,0
00000731,00000731,P02686,304,1e8b7f9a27f0abba452aed79534fcaad935447ffeae82e927bfabbe924fe28dd,5,ebi_mobidb_lite,True,0.7105262875556946,experimentally_curated_partially_disordered,True,DP00236,P02686,171,0.5625,171,3
00000732,00000732,O75716,305,e380a75240bc356ebcde60511a29e9f42947666667590c1b418082d1761077ad,5,folded,,0.0,no_disorder_evidence,False,,,0,0.0,0,0
00000733,00000733,Q13151,305,38825c83431b9219fba501c0ea1cc227dd75c42fe5045c68100ec949ba92dba4,5,ebi_mobidb_lite,True,0.2786885201931,prediction_only_disorder,False,,,0,0.0,0,0
00000734,00000734,Q7Z602,305,d6d7a3320e8bedf2835852becb40ce653e6e4d5adbe45f54c668e1c1a7388f40,5,folded,,0.0,no_disorder_evidence,False,,,0,0.0,0,0
00000735,00000735,Q14232,305,ee5f48c4b5b6fa7107b4ac819c69e21a4026742f03ef0eb20b847159006445fc,5,folded,,0.0,no_disorder_evidence,False,,,0,0.0,0,0
00000736,00000736,P50897,306,67e01d343c9774dfc28337848e3d87fd0af251abe96cb49af1d6e983608068c6,5,folded,,0.0,no_disorder_evidence,False,,,0,0.0,0,0
00000737,00000737,P07910,306,d8c81a767fda82bb29a7aa451ca725ac4b4b3f5660a754489017ec60d55f4a73,5,ebi_mobidb_lite,True,0.45098039507865906,prediction_only_disorder,False,,,0,0.0,0,0
00000738,00000738,Q9BRJ2,306,e8127963f8d3a2196c9b6aa96866c2cf3d4d44932056ed516fb095449526fe05,5,folded,,0.0,no_disorder_evidence,False,,,0,0.0,0,0
00000739,00000739,P60510,307,867d3de6801d403af56feb2682dff48a0f6a7ccc49d026953d1580ed69016b46,5,folded,,0.0,no_disorder_evidence,False,,,0,0.0,0,0
00000740,00000740,P25874,307,52739fcf4ab217864413b4ef05a61a86f07f93fcf59374bf36de150b3759ad1e,5,folded,,0.0,no_disorder_evidence,False,,,0,0.0,0,0
00000741,00000741,Q9NZ01,308,72766e906d5b31bac3a3fc146b8add7bde20f2afe0699b795318552c38605588,5,folded,,0.0,no_disorder_evidence,False,,,0,0.0,0,0
00000742,00000742,P62714,309,2c059b5d887c76e8b9c0a49db785f10d0f81564a5167f42ec47ddc8ea3026781,5,folded,,0.0,no_disorder_evidence,False,,,0,0.0,0,0
00000743,00000743,Q8N3Y7,309,993f1d20ccc85e3285c259ae7e1111bcb278b8d42ce1cb9c3c95003543be6c17,5,folded,False,0.0,no_disorder_evidence,False,,,0,0.0,0,0
00000744,00000744,P67775,309,369ec29171b6cdc692766d64e716681db8e6f2bb3004c12acc5f79c99bc484a1,5,folded,,0.0,no_disorder_evidence,False,,,0,0.0,0,0
00000745,00000745,Q9NXA8,310,96f65a7466cd37cc97196d51aa880850f80de13cbe7a10953a684e80b3c6f875,5,folded,,0.0,no_disorder_evidence,False,,,0,0.0,0,0
00000746,00000746,Q9BX67,310,7f9d6fea01217b017a9cafc0524fb7ecf56ae25514696cde2cadafb3aae67c70,5,folded,,0.0,no_disorder_evidence,False,,,0,0.0,0,0
00000747,00000747,Q8NGI8,311,e328bb181149dae8a752fba826c8fcd9e1e6e852f913c8eb1700352005359b56,5,folded,,0.0,no_disorder_evidence,False,,,0,0.0,0,0
00000748,00000748,Q9P055,311,68de58001059e7119d5ea3bdcaed509fee336887450c872dd9a4ddaed8820576,5,folded,,0.0,no_disorder_evidence,False,,,0,0.0,0,0
00000749,00000749,O00764,312,6fad4e956cc75febf127e2928d5feeb27cb236713cbd2355d98510fc96af235b,5,folded,,0.0,no_disorder_evidence,False,,,0,0.0,0,0
00000750,00000750,A3KFT3,312,bce873ca2aa546913c83b85977b5a5f0bb6373b652177c8daefc9fbdea098496,5,folded,,0.0,no_disorder_evidence,False,,,0,0.0,0,0
00000751,00000751,P22748,312,62f5e1881b0efc28f2f60c2972f6226477c26b841e00762613f38246a2677974,5,folded,False,0.0,no_disorder_evidence,False,,,0,0.0,0,0
00000752,00000752,Q5TBB1,312,e63d53d13d43eefa68075595e65361057aad1d5225da5d6a0fbbb391ba81b1ed,5,folded,,0.0,no_disorder_evidence,False,,,0,0.0,0,0
00000753,00000753,Q9Y257,313,f85a36867c0b5653252704404648c27f9639de180f11ba142a4b561bbab0c188,5,folded,,0.0,no_disorder_evidence,False,,,0,0.0,0,0
00000754,00000754,Q8NEX9,313,778f19f03c72a93d2415a17116746f313b1c4f8168590075ffa0e90ab3912f47,5,folded,False,0.0,no_disorder_evidence,False,,,0,0.0,0,0
00000755,00000755,P45381,313,fd33f71103705a115325f7cb2b64210185c27a11a76105a72574043e8786bd15,5,folded,,0.0,no_disorder_evidence,False,,,0,0.0,0,0
00000756,00000756,Q8N7C0,313,e23076580d5f40a2a689701c20c477f459c445f4f2fb18fdf0d1cdf5fe6f6631,5,folded,,0.0,no_disorder_evidence,False,,,0,0.0,0,0
00000757,00000757,P11309,313,cbbfcc670c8d3cfe5351d9417fad177009931986ab5207bc8bd5898e389de502,5,folded,,0.0,experimentally_curated_short_disorder,True,DP00322,P11309,18,0.05750798722044728,18,1
00000758,00000758,Q7L523,313,b54fa907abb3d37d8f16c468736e0014ba60545efb16ef2dcd95e547ece9bc0c,5,folded,,0.0,no_disorder_evidence,False,,,0,0.0,0,0
00000759,00000759,Q9Y6E7,314,236cf7141c9841a95e870c79da10f6152bc44c00ee3be8d650a63df3be2aa75c,5,folded,False,0.0,no_disorder_evidence,False,,,0,0.0,0,0
00000760,00000760,Q9GZR5,314,1c214a60e47843ae5ba3f88ccd7c2379877aa27afcc0e406cf6a1f55eea6a1a0,5,folded,,0.0,no_disorder_evidence,False,,,0,0.0,0,0
00000761,00000761,Q6P2I3,314,9d11320e637b4f9c736c1893a1460b06df2c9fb1703c68b9450ef8aa84f16d44,5,folded,,0.0,no_disorder_evidence,False,,,0,0.0,0,0
00000762,00000762,Q9NSU2,314,e54f8296e356537bba31df96c4c474c53a4c22d49f4cd23755da07fd9662c49e,5,folded,,0.0,no_disorder_evidence,False,,,0,0.0,0,0
00000763,00000763,Q96GK7,314,e0ad9c3aa33102bad0d009df7a84a4da63e3ccd82a66910b46ac3f327384d28f,5,folded,,0.0,no_disorder_evidence,False,,,0,0.0,0,0
00000764,00000764,Q14894,314,c5cb8765e4ef8723e686c4539bf6b839011507d6360506d4071619e87efeaa36,5,folded,False,0.0,no_disorder_evidence,False,,,0,0.0,0,0
00000765,00000765,A8BB85,316,72c06ac273d521cddbd7338f9a29a1221020595fda6f9fada6527ccede6f5119,5,af2_plddt_fallback,True,1.0,experimentally_curated_contains_idr,True,DP02926,A8BB85,26,0.08227848101265822,26,1
00000766,00000766,Q96NR8,316,18939f3b729ae87cdb61fe5b2f453a759088eed4b5c46b97159977124547ca99,5,folded,False,0.0,no_disorder_evidence,False,,,0,0.0,0,0
00000767,00000767,Q7Z614,316,034bb414d9489d7c7deec56f57d0a4a9df886f8407c4c9ab384e348e9e3d8a07,5,folded,,0.0,no_disorder_evidence,False,,,0,0.0,0,0
00000768,00000768,O60218,316,9ad0ec74b29a1db9a68e350e79fde5ddd9d6d89f9c9a952db9c077626219cb41,5,folded,,0.0,no_disorder_evidence,False,,,0,0.0,0,0
00000769,00000769,P46736,316,a3a800b1ceef6ff31b736bbca72e45232c91ccc0dbd2e3e3d5c93bc56ef8d0a1,5,folded,,0.0,no_disorder_evidence,False,,,0,0.0,0,0
00000770,00000770,P15121,316,ea6689b6c8edb306fc5da3e16dba9d7362e6e517d15f469c38e5c4fb8858d27f,5,folded,,0.0,no_disorder_evidence,False,,,0,0.0,0,0
00000771,00000771,P25963,317,760aff0aa84d0845d164d52e523c931034ddf53fe6d70413bbb18d7f3870d1f0,5,folded,,0.0,experimentally_curated_partially_disordered,True,DP00468,P25963,108,0.34069400630914826,66,2
00000772,00000772,P02649,317,eddd8b84fbb094df0b4067ca1d0b9b137ddaee4f8b3a548fcff5152e92a4dd4b,5,af2_plddt_fallback,True,1.0,experimentally_curated_contains_idr,True,DP04133,P02649,93,0.29337539432176657,59,10
00000773,00000773,P63244,317,0fb9c278b1ae511c34c9c7808619afe5fe75fa69340fbf90bcc27b05d4715686,5,folded,,0.0,no_disorder_evidence,False,,,0,0.0,0,0
00000774,00000774,P60891,318,fe0c46e2753277738c6b28315bfef26f7831034405c63c68f94298deae2ed1e5,5,folded,,0.0,no_disorder_evidence,False,,,0,0.0,0,0
00000775,00000775,Q8TC12,318,45f6fd6948c012f6d3b29948d7576331e0cbc15c39deedd47860bcd9746697d7,5,folded,False,0.0,no_disorder_evidence,False,,,0,0.0,0,0
00000776,00000776,Q96EU7,318,650e58374c8ea0ab611d15248fc1c615c142e0061bc0ae127a5e4d4e6e1c091c,5,folded,False,0.0,no_disorder_evidence,False,,,0,0.0,0,0
00000777,00000777,Q9H8P0,318,830b1b6de5d606f771e6224d1751e845ee34039e614e4406829ea37643ee844a,5,folded,False,0.0,no_disorder_evidence,False,,,0,0.0,0,0
00000778,00000778,P03886,318,9f85de3a12d2af479c476c7eb342fc91d27a8b19d9233ee36c0279e005e3c384,5,folded,,0.0,no_disorder_evidence,False,,,0,0.0,0,0
00000779,00000779,O15162,318,8736abc443cdf3d824b380dd62ee3fb70dd80d10be6132ed7300fef59eaa725a,5,folded,False,0.0,no_disorder_evidence,False,,,0,0.0,0,0
00000780,00000780,O75208,318,539d71740405f0a59eb0f00d5e5fdf3da70630d5fd680713b695ff416edaf39f,5,folded,False,0.0,no_disorder_evidence,False,,,0,0.0,0,0
00000781,00000781,P09525,319,5233bbae47ed590f806448dbac29e5e32af2160d765ff7c43af2d159993f6b81,5,folded,,0.0,no_disorder_evidence,False,,,0,0.0,0,0
00000782,00000782,Q96HD9,319,5132224fddbe6b2e5c8e76ec37276f97641b2dd2473952301d7143fd1a6e49cd,5,folded,,0.0,no_disorder_evidence,False,,,0,0.0,0,0
00000783,00000783,Q9BPW9,319,e30d5d28cd9e249a2fb87d7518bc76092dbac884fe10f5eeee733791ccb11732,5,folded,,0.0,no_disorder_evidence,False,,,0,0.0,0,0
00000784,00000784,Q13155,320,3e7505c24a15c6a50c431079fe83a078ba2146030c65dbc7e5741ab7417edd69,5,folded,,0.0,no_disorder_evidence,False,,,0,0.0,0,0
00000785,00000785,Q96C36,320,94d11aadeb80d736df907a833dec6665b7c9883cc6be8e6467b46b7ba5382ca2,5,folded,,0.0,experimentally_curated_contains_idr,True,DP04111,Q96C36,27,0.084375,27,1
00000786,00000786,Q96FM1,320,2428230c0f54ddb617ece9e5e75192231cb0bbe0ed0bfeb94f37e4394fdd677b,5,folded,False,0.0,no_disorder_evidence,False,,,0,0.0,0,0
00000787,00000787,Q9UGF6,321,04dc5c1c3bba7eab948ad5d0b4f93d4dae037d231cb6227e71775b65fc6ef431,5,folded,,0.0,no_disorder_evidence,False,,,0,0.0,0,0
00000788,00000788,A8ULG6,322,0624474bc53b7b17e0bc8c33e986449ac1b82e7bd5fac93ec9c1cce6be8c92d6,5,af2_plddt_fallback,True,1.0,experimentally_curated_short_disorder,True,DP03040,A8ULG6,14,0.043478260869565216,14,1
00000789,00000789,P05089,322,057798c1089fc251ff563dc03e5373e0684e90960e1f34c27c071d8afcfbd9b9,5,folded,,0.0,no_disorder_evidence,False,,,0,0.0,0,0
00000790,00000790,Q8WXH4,323,ad64d341fbf8deac2d2896f6033cb700a6fe811107b5b19c013da7e892436b0f,5,folded,,0.0,no_disorder_evidence,False,,,0,0.0,0,0
00000791,00000791,P82673,323,ddbc618da69eeb8f574c1cb4cd69dbf0cbde601b1f00dd344ff839c16c39ed8e,5,folded,,0.0,no_disorder_evidence,False,,,0,0.0,0,0
00000792,00000792,Q9H936,323,24f78a06e6344a08eaef0bc4c59b58676fc14eada00e0600f2dc54040a92af05,5,folded,,0.0,no_disorder_evidence,False,,,0,0.0,0,0
00000793,00000793,Q08722,323,caa66c8069880514fd225b7c8673a1f4877dbfc3e15d10e69400cb453a226918,5,folded,,0.0,no_disorder_evidence,False,,,0,0.0,0,0
00000794,00000794,O15121,323,567bfeec1f74de3b4a8bc9880cc63b7df95ceda840bccd0b86a7468a219785dc,5,folded,,0.0,no_disorder_evidence,False,,,0,0.0,0,0
00000795,00000795,O00628,323,fdb3e6713db7363cc43b0f494261d184ab2bd6d1d5f7672c969ef03db7b05dca,5,folded,False,0.0,no_disorder_evidence,False,,,0,0.0,0,0
00000796,00000796,Q9Y673,324,ce860bcd02d1aa7d8aa4262a5344161e85237106e918a4e8160ddc0a0409e0b0,5,folded,False,0.0,no_disorder_evidence,False,,,0,0.0,0,0
00000797,00000797,P13686,325,5475b6e98819e24b4cfe094342fddb7e86399a92b7682674cfd5ee2327fd3038,5,folded,,0.0,no_disorder_evidence,False,,,0,0.0,0,0
00000798,00000798,P43897,325,41adaac41114f030e18cf50a94d6157df9c45e983ca217caa9ef08390a40e272,5,folded,False,0.0,no_disorder_evidence,False,,,0,0.0,0,0
00000799,00000799,P50749,326,41402e8085c02fad771cfc68a1b718c1e74779bbc81789820974f3013ec73ca6,5,folded,False,0.0,no_disorder_evidence,False,,,0,0.0,0,0
00000800,00000800,Q8NFH4,326,e77142202cd2177823109b5f6f7cc8ef09887c001206547a4a1c3f39bd21191a,5,folded,False,0.0,no_disorder_evidence,False,,,0,0.0,0,0
00000801,00000801,Q9BVC4,326,0c5eb9505558859e7a1b89a9f049e7939c3cdfcdfeb249fd3a1f8d32d8f6b781,5,folded,,0.0,no_disorder_evidence,False,,,0,0.0,0,0
00000802,00000802,Q86X76,327,0918aff8077a0e6f13c72c8b1792092d621f64de1920539bc656771a2a4451ff,5,folded,,0.0,no_disorder_evidence,False,,,0,0.0,0,0
00000803,00000803,Q5HYK3,327,4485b0158bcabf1be687311d3254e95b637117dd06a297fa926868902c496c73,5,folded,False,0.0,no_disorder_evidence,False,,,0,0.0,0,0
00000804,00000804,Q9Y375,327,86363d0346281d0822162053d0d9044cf02573317c0139d40bf357abbd46174f,5,folded,False,0.0,no_disorder_evidence,False,,,0,0.0,0,0
00000805,00000805,Q9UBV7,327,4619a27e5217c5601b7b9ec9df77ac8b1ea7d911f21e3cef6966a9729c3603e1,5,folded,False,0.0,experimentally_curated_contains_idr,True,DP02634,Q9UBV7,26,0.07951070336391437,26,1
00000806,00000806,P16220,327,990558cfd6a93c013ba19cbef10d1c3b304f2fbc02cc4faf2bf1f7915757900a,5,ebi_mobidb_lite,True,0.214067280292511,experimentally_curated_contains_idr,True,DP02003,P16220,60,0.1834862385321101,60,1
00000807,00000807,P13928,327,a1e678a2d58ed38fc0810105704820d989134f0b37360e1ef10be81aef14168e,5,folded,,0.0,no_disorder_evidence,False,,,0,0.0,0,0
00000808,00000808,O75436,327,b0ce9cf4601598dbceea280a5a51fbaa84b672a3d1fee00f0d121e544d5ad71f,5,folded,,0.0,no_disorder_evidence,False,,,0,0.0,0,0
00000809,00000809,O75344,327,338d1b94efce44f45f166bda9b566de4f95987add61e5cfebab2c03a733f2d46,5,folded,,0.0,no_disorder_evidence,False,,,0,0.0,0,0
00000810,00000810,P29460,328,997621c8a338440d7db35c06ca18632dc6cfd6d26c4549a08d0a07eca120b766,5,folded,False,0.0,no_disorder_evidence,False,,,0,0.0,0,0
00000811,00000811,Q96D15,328,d6da6a2fced1f7b216597e40cab25c23a20409214ce5f405d56f7482d02c5980,5,folded,False,0.0,no_disorder_evidence,False,,,0,0.0,0,0
00000812,00000812,O75771,328,f2939789a24de9a38805f84db91e7d8e992ea7f3bc620c68d361ac25eaa3c537,5,folded,False,0.0,no_disorder_evidence,False,,,0,0.0,0,0
00000813,00000813,Q7RTP0,329,f5bb0ddc9a8e7c98c17aa70bbad5d4b0f03604f0d77679f91c85466bff09a1a1,5,folded,,0.0,no_disorder_evidence,False,,,0,0.0,0,0
00000814,00000814,Q96L58,329,8538f14118c582bd752c3e9472491aeeb53afe153ba1c05da2273fdfd8c90367,5,folded,False,0.0,no_disorder_evidence,False,,,0,0.0,0,0
00000815,00000815,Q8WTX7,329,652c76b3699b1887d8fbd621139e24171514a7783567e35abcae3e81afa5bd68,5,folded,,0.0,no_disorder_evidence,False,,,0,0.0,0,0
00000816,00000816,Q8N5I4,330,3e37719f55cdd4a6e857176e7ffd2bff60d4e24839162f575ab5ac8f60ccc1b1,5,folded,,0.0,no_disorder_evidence,False,,,0,0.0,0,0
00000817,00000817,P46089,330,d729f8248d4f4313f4726d78fa8d273f0aab7ea61fd4696d298ed70d716cf978,5,folded,,0.0,no_disorder_evidence,False,,,0,0.0,0,0
00000818,00000818,P13716,330,adfda7b75b86e3a81e0d5ec4490250d0efb05c7a117b02905d9ad84b0ac5bf7a,5,folded,,0.0,no_disorder_evidence,False,,,0,0.0,0,0
00000819,00000819,Q8NGY3,331,6b40956a4e6430c6f6693869fce0882f39ba735654dc70a454066c68b2728feb,5,folded,,0.0,no_disorder_evidence,False,,,0,0.0,0,0
00000820,00000820,O95900,331,6e9b8805d904ea82d9545d3a12c3c992ad82c21dc82b4b3eec8455d0c1ea844a,5,folded,,0.0,no_disorder_evidence,False,,,0,0.0,0,0
00000821,00000821,O95278,331,be51c6ef36afdfa0c646439e0dd1586933ab37717357c4938d3a1da29fc86982,5,folded,,0.0,experimentally_curated_short_disorder,True,DP02647,O95278,11,0.03323262839879154,11,1
00000822,00000822,P05412,331,e270b69d5cad9233c44e1cb8d342e1498eaa49ad454703f9eff1a4329acd3e1c,5,af2_plddt_fallback,True,1.0,conformational_proxy_only,False,,,0,0.0,0,0
00000823,00000823,Q9H6J7,331,c4cce78031836bd6935b00deceb8ebeff1a69c583c0919a001a48ea96e419703,5,folded,,0.0,no_disorder_evidence,False,,,0,0.0,0,0
00000824,00000824,P00338,332,01a94f11705e76d6747b6e29529607e32c7dac0df85b78165c8fbc95731e31e5,5,folded,,0.0,no_disorder_evidence,False,,,0,0.0,0,0
00000825,00000825,P16260,332,a95f9bc1ad9016ba22df3b4170d1d7481780e5d95179721fc1c50326c722dd25,5,folded,False,0.0,no_disorder_evidence,False,,,0,0.0,0,0
00000826,00000826,Q99729,332,08c661e11cb9a5006f05208246f1a9163e07947d799494b8abde80fde03248ea,5,ebi_mobidb_lite,True,0.3674698770046234,prediction_only_disorder,False,,,0,0.0,0,0
00000827,00000827,Q06136,332,521b53cc09bc7a8834cf566f61e58deb6e473521eee253e6305f97022bfa24cd,5,folded,,0.0,no_disorder_evidence,False,,,0,0.0,0,0
00000828,00000828,P32245,332,1da0d0189f8d63b52b620b69d639a2b818fbefd6ae4647a60930937d1a73f1e4,5,folded,False,0.0,no_disorder_evidence,False,,,0,0.0,0,0
00000829,00000829,Q330K2,333,cbe5606d5522d71dcb4f76d8d25a863eabc3a62db214d69cd71f97ef6005daf3,5,folded,False,0.0,no_disorder_evidence,False,,,0,0.0,0,0
00000830,00000830,P29016,333,c64ee40d815b8e1dc04aeb48e5b9659bcae8572d3a60f066789ca8da5e142b1d,5,folded,,0.0,no_disorder_evidence,False,,,0,0.0,0,0
00000831,00000831,Q86SQ9,333,5bad338f66b1ce78de29505ed8a3911d5ada35e8a93bd86e5dd7a40460a7a5db,5,folded,,0.0,no_disorder_evidence,False,,,0,0.0,0,0
00000832,00000832,Q9NZL9,334,3156c091cb232f22e201fde507c797ac008d3e04a4494121d62905dde3d16044,5,folded,,0.0,no_disorder_evidence,False,,,0,0.0,0,0
00000833,00000833,Q9UIC8,334,39cf20f9123379d9e2d2f8162e144fd6d87794f3cdb13951b28263d785bb2bba,5,folded,,0.0,no_disorder_evidence,False,,,0,0.0,0,0
00000834,00000834,Q92905,334,820ef42b775a368b8eae4379a979344975cc8f3a562ff9f21dae4af6ac07a4d2,5,folded,,0.0,experimentally_curated_contains_idr,True,DP02290,Q92905,33,0.09880239520958084,21,2
00000835,00000835,Q9BT17,334,c31671f621005adfafae42c1c86bea5d9997f700b584e7e2b4c2274c8581a935,5,folded,,0.0,no_disorder_evidence,False,,,0,0.0,0,0
00000836,00000836,P78410,334,fc2b481f27d3f216cba6f9bfb44c788e605fe3644c30c7c6b4908e0bc24bce33,5,folded,,0.0,no_disorder_evidence,False,,,0,0.0,0,0
00000837,00000837,Q2I0M4,334,a80def875d37ba4501d94f07a992f8c7c09d6cfc679a89dd3fd37e2a598df298,5,folded,,0.0,no_disorder_evidence,False,,,0,0.0,0,0
00000838,00000838,Q03405,335,6ef31e1bc4afc523da622ec2732076c498b9cc99c8c3eeeeb5ef020dc9490d89,5,folded,,0.0,no_disorder_evidence,False,,,0,0.0,0,0
00000839,00000839,Q9Y576,335,45ec7024afa5d318d4842e0da45e4ad36fa6ba7814ec0eca177bb6dd494fdebf,5,folded,,0.0,no_disorder_evidence,False,,,0,0.0,0,0
00000840,00000840,P09668,335,048a74611daa88e5aa39af46f5d25ab09e1129e49c7f9ed3aa9f5479d98f10a9,5,folded,,0.0,no_disorder_evidence,False,,,0,0.0,0,0
00000841,00000841,Q4G0F5,336,375419bfda7c58a58f06566e9a0461307ea5720b1f12918f617918f652e9668d,5,folded,,0.0,no_disorder_evidence,False,,,0,0.0,0,0
00000842,00000842,P48729,337,ca3117b7ef1f999d3539285bb847093bf13954c0f113cb21f99879a94157f27e,5,folded,,0.0,no_disorder_evidence,False,,,0,0.0,0,0
00000843,00000843,Q9P296,337,e224ab058cffa6734301dfa38b5c5685e3df77dcbb9abce21b9830d02890de10,5,folded,,0.0,no_disorder_evidence,False,,,0,0.0,0,0
00000844,00000844,O43414,337,3d424369e0580c5742735d0967dcbbf6789a9e324c5842b6ec61fa28c577e6e4,5,folded,,0.0,no_disorder_evidence,False,,,0,0.0,0,0
00000845,00000845,P38484,337,39f1023222b5396289e6b79ccc0bc7c99505cd46757ec2cb2a00f94d07521e2c,5,folded,,0.0,no_disorder_evidence,False,,,0,0.0,0,0
00000846,00000846,Q96C86,337,60ab1c4753b850ee5ed4f28d2ae152d49c215ef4ed3fbb6531dbc5b328803673,5,folded,False,0.0,experimentally_curated_contains_idr,True,DP03588,Q96C86,37,0.10979228486646884,37,1
00000847,00000847,P40926,338,0a6342776d21661604a4528bcb4ab8e590387d27b1f3eba94c52c7deb6255ed2,5,folded,,0.0,no_disorder_evidence,False,,,0,0.0,0,0
00000848,00000848,Q9NYK5,338,a1f61d18653e8a2192fe361bb6dced284235b86ede98beb2a4c9e278e0a82752,5,folded,False,0.0,no_disorder_evidence,False,,,0,0.0,0,0
00000849,00000849,P51884,338,8d5d509215c15b69b9c89a817b805aed1317ade8d248d0bcdcbaf8fd92584287,5,folded,,0.0,no_disorder_evidence,False,,,0,0.0,0,0
00000850,00000850,O14832,338,990e8ad7d8854a5635fbd46ef29f9eb900f8f44fe97e0041b389deb0d331c0e7,5,folded,False,0.0,experimentally_curated_short_disorder,True,DP00327,O14832,39,0.11538461538461539,16,3
00000851,00000851,P09467,338,11ca4f69548f1002574e0f6194d21a68c80a53fa9216ae4d86e9631ad37cb6c0,5,folded,,0.0,no_disorder_evidence,False,,,0,0.0,0,0
00000852,00000852,O00757,339,a3e896f56d41e838ddd05e758b545f994008076870cbed9db4719a63d2fb745e,5,folded,,0.0,no_disorder_evidence,False,,,0,0.0,0,0
00000853,00000853,Q70EL3,339,49e7af2770034b9175ce69305949f8dce04eb4b206b630a773507c24c91c186b,5,folded,,0.0,no_disorder_evidence,False,,,0,0.0,0,0
00000854,00000854,Q9H649,340,3a97736aa23f43595d728eea85e0c2c109e5daeba2eb1d03f479f28064bef28f,5,folded,,0.0,no_disorder_evidence,False,,,0,0.0,0,0
00000855,00000855,Q9HAV0,340,cd439251e4dbcad1b0be53bebaa09c46c3945a4d24b89e217f831b47d4c1e38b,5,folded,,0.0,no_disorder_evidence,False,,,0,0.0,0,0
00000856,00000856,Q86UW1,340,9f75b4d123288f373eab3b68b32323cf428e0b480eb417b0393473e01105b461,5,folded,False,0.0,no_disorder_evidence,False,,,0,0.0,0,0
00000857,00000857,Q5T9G4,340,b5304ccc8e72e7ec7384f8f4cc5d33f5a932fea0bb515f1698207d20b3129465,5,folded,,0.0,no_disorder_evidence,False,,,0,0.0,0,0
00000858,00000858,P62873,340,731c013dfd2af08e5208366adc05c924fee47f2a726a6903d130383a4ff1b10c,5,folded,,0.0,no_disorder_evidence,False,,,0,0.0,0,0
00000859,00000859,O14681,340,3956e39c3201823bf2bd8c9135a627a6fce3baa3ef3a6e43a6ebaa4a164d96b5,5,folded,,0.0,no_disorder_evidence,False,,,0,0.0,0,0
00000860,00000860,Q95460,341,7d1347b2cb44b73cadfdb52f2b01340d08ba1d9c6419c2813c816091a6297449,5,folded,,0.0,no_disorder_evidence,False,,,0,0.0,0,0
00000861,00000861,Q8N3I7,341,6c40fa9347d3f3220eeec175037d7f96142ed93193e48e5d8e8c2608cf6863e3,5,folded,,0.0,experimentally_curated_contains_idr,True,DP04117,Q8N3I7,102,0.2991202346041056,88,2
00000862,00000862,Q9H244,342,8b858a0c09ffd4bb0f2b21d49eeed9f2271f787199ce6c5896d8aca87d3d3325,5,folded,,0.0,no_disorder_evidence,False,,,0,0.0,0,0
00000863,00000863,O00421,344,d840712ed2c46605656a0e143ae4ba234dc75d5c8d26c6be3dfee5a07d8d443d,5,folded,,0.0,no_disorder_evidence,False,,,0,0.0,0,0
00000864,00000864,Q96GD4,344,0f99982b545e61cc6fa4ca70be1e2f0f503d3e26f44fdb3067dd3c6905bb2788,5,folded,,0.0,experimentally_curated_short_disorder,True,DP02389,Q96GD4,16,0.046511627906976744,16,1
00000865,00000865,Q9UJ70,344,9ae148e136a6561a7efc2e7a0fdb8e3cf6b5145fa077f97da639611e6f12af15,5,folded,,0.0,no_disorder_evidence,False,,,0,0.0,0,0
00000866,00000866,Q5MNZ6,344,03e5e49e12b353efd07bb7ee15c1eb4f681ccf6a8018dca3c50000797c5b24d0,5,folded,,0.0,no_disorder_evidence,False,,,0,0.0,0,0
00000867,00000867,O76027,345,0c106728ab9eb60b9af0bddc40f4f647e82bf45b81524f2f472387ee54cdedf9,5,folded,False,0.0,no_disorder_evidence,False,,,0,0.0,0,0
00000868,00000868,P46597,345,4f2eaee79800d237ffca876b54d259cdd092e8189cacf583091e02b64d254128,5,folded,,0.0,no_disorder_evidence,False,,,0,0.0,0,0
00000869,00000869,P00540,346,8d82492dd06934c340ad2e52a14935df9c0c63487bc6029a1b564efde89693c6,5,folded,,0.0,no_disorder_evidence,False,,,0,0.0,0,0
00000870,00000870,O15529,346,d7752f2d0bd4046543e0edcbdbeb7bef14f7387dc0f4b07d9c3aaf0ba51ffeee,5,folded,,0.0,no_disorder_evidence,False,,,0,0.0,0,0
00000871,00000871,O43542,346,bb2a15fb80531dc0d7977b5bec3c442a9b6f68bc0dfcd996de7dcb73d8b97656,5,folded,False,0.0,no_disorder_evidence,False,,,0,0.0,0,0
00000872,00000872,P04083,346,a5b9c1e8750f0318983cf6587c1313c9dcaec27036783dcc8ac33a55b5dfa925,5,folded,,0.0,experimentally_curated_contains_idr,True,DP01951,P04083,95,0.2745664739884393,70,4
00000873,00000873,O14843,346,2b20e0cb102e37306a128bb4b7f19b363220fc4176a6e073f74398fe01ebedf3,5,folded,,0.0,no_disorder_evidence,False,,,0,0.0,0,0
00000874,00000874,P23942,346,dc15ca299b50f199b15a874c9bf2be626c1abf143554b3a299e671b03432aa13,5,folded,False,0.0,no_disorder_evidence,False,,,0,0.0,0,0
00000875,00000875,Q9BUM1,346,5f705fa6419d5ac30218ad8c608e24c7ace7e679f3a7dd257e5b50f3914f4000,5,folded,,0.0,no_disorder_evidence,False,,,0,0.0,0,0
00000876,00000876,P53597,346,bd82419e35fa983a853edc25512c972b60da8ce7bfff8ef163f93786c34ee16e,5,folded,,0.0,no_disorder_evidence,False,,,0,0.0,0,0
00000877,00000877,F6IAY2,346,c75a383df5c3a384b64400120b9fbedf18d5182eea2b486383dfa464b4fbd646,5,ebi_mobidb_lite,True,0.11271676421165466,experimentally_curated_partially_disordered,True,DP02965,F6IAY2,170,0.4913294797687861,170,2
00000878,00000878,P50613,346,2a5c3173293b02025db072c77174be6a288eb4a6f97c0af6a9f7c8fe8ab5d3a2,5,folded,,0.0,no_disorder_evidence,False,,,0,0.0,0,0
00000879,00000879,Q99963,347,b366b41766070fef06b6cbc48867746aaebe290afa6ad45b7a9e54b2fa91dddc,5,folded,,0.0,no_disorder_evidence,False,,,0,0.0,0,0
00000880,00000880,Q9P2M1,347,eee91528648cb31dc7196ee462b76b04a4b328017416fe34bf54a084a8c0df97,5,folded,,0.0,no_disorder_evidence,False,,,0,0.0,0,0
00000881,00000881,P03891,347,1d8761f31f3dbee5cea6141e9fde7a2e63ea290d687b5f9df1e36787d41aa8e4,5,folded,,0.0,no_disorder_evidence,False,,,0,0.0,0,0
00000882,00000882,C6KSX0,347,c71780d99ff3391cc105ddaad0b59b34862d6fb15cfaf2677d146cbcbd0d5d4e,5,af2_plddt_fallback,True,1.0,experimentally_curated_contains_idr,True,DP01574,C6KSX0,48,0.138328530259366,33,2
00000883,00000883,Q30201,348,bfda3e8888808838caafd206c2431883fd7bd5535999a5d0da037a8576636d83,5,folded,False,0.0,no_disorder_evidence,False,,,0,0.0,0,0
00000884,00000884,Q14376,348,929a8d15456f45fc827c46133e56f0c423890b8952cdd3a6b915c1b9391f896a,5,folded,,0.0,no_disorder_evidence,False,,,0,0.0,0,0
00000885,00000885,Q9UHP6,348,2b2695b705cb74ca85ee76dcece25e18d605833bad783248b9f4094ff2b84360,5,folded,,0.0,no_disorder_evidence,False,,,0,0.0,0,0
00000886,00000886,P08100,348,b59611b13c3509dcbb28613b8c35f400f97e67788dcf416dce0511a576c347c1,5,folded,False,0.0,no_disorder_evidence,False,,,0,0.0,0,0
00000887,00000887,O43681,348,bcad6550571d0a7f7420eb1f39dfe822a06df9217a1164bbb8bc2112684885aa,5,folded,,0.0,no_disorder_evidence,False,,,0,0.0,0,0
00000888,00000888,Q8WTS1,349,66f1b211b727bc30ceeb8ac4ed4f98e0317d4d762c5d820bc285545e915a202d,5,folded,False,0.0,no_disorder_evidence,False,,,0,0.0,0,0
00000889,00000889,P47211,349,bc481b507d238cc91e7aa3d326fc02224ca34eec26c0dd162efe81af5e050aa4,5,folded,,0.0,no_disorder_evidence,False,,,0,0.0,0,0
00000890,00000890,Q14973,349,53e4ed46e55eff8bb425d1e4ac3e76de26c0480de96c677439fdeeba06e70471,5,folded,False,0.0,no_disorder_evidence,False,,,0,0.0,0,0
00000891,00000891,P56706,349,96867d4fbb1d6a11db98f10bda978dc50cd2de668c6e01b2729d108404144c80,5,folded,,0.0,no_disorder_evidence,False,,,0,0.0,0,0
00000892,00000892,P19784,350,eb840b9a76dffec202e489f9b566ffb3d8c0e577c03d8128351c824c3950bca7,5,folded,,0.0,no_disorder_evidence,False,,,0,0.0,0,0
00000893,00000893,Q8NFB2,350,ab63ebbe7e7c770f226df1218abab7371e93f22f6804b38930d9bfd42de51267,5,folded,,0.0,no_disorder_evidence,False,,,0,0.0,0,0
00000894,00000894,O75695,350,48ed4a2db19b87a557424eba021c65c632685bdc897fbd08bf503d4ebec44b2d,5,folded,False,0.0,no_disorder_evidence,False,,,0,0.0,0,0
00000895,00000895,P27544,350,ec4fd36c1b9c6ac8eadc712d7b126570318b4d312687c4d0550cc0455c81ca45,5,folded,,0.0,no_disorder_evidence,False,,,0,0.0,0,0
00000896,00000896,Q9H5K3,350,a81b54a4f4e974d87733fc02fb69a04af24814a6ad448bf25021f191d6ed6903,5,folded,False,0.0,no_disorder_evidence,False,,,0,0.0,0,0
00000897,00000897,P21730,350,dc48c194272465c04ae4727f3710ca1c75b6ca77006ea1730ed45ea75035d730,5,folded,,0.0,no_disorder_evidence,False,,,0,0.0,0,0
00000898,00000898,P22674,350,07f12b0ca60cad9c90c0df0541330c70ef0d44fac1f487ecdecb46cc620b63f6,5,folded,False,0.0,no_disorder_evidence,False,,,0,0.0,0,0
00000899,00000899,O75787,350,c8b4f93dde641435e89fd13e2ee8c7009cf02dba2d23f2e5850c127b7ead42e3,5,folded,,0.0,no_disorder_evidence,False,,,0,0.0,0,0
00000900,00000900,P18848,351,44aaa3b89f059a76f4ff72aa851a62903a233a4c0a069e6c3f106e549632fb51,5,ebi_mobidb_lite,True,0.16809116303920746,experimentally_curated_fully_disordered,True,DP04263,P18848,275,0.7834757834757835,275,1
00000901,00000901,Q93098,351,93013ec3cb230e6341557e888af8adc595c47cded90783eda1c3a7535d4ff567,5,folded,,0.0,no_disorder_evidence,False,,,0,0.0,0,0
00000902,00000902,Q03395,351,a14691dd12dc8365accd4a06db548c64863802ad94883cc81a6e41494c578801,5,folded,False,0.0,no_disorder_evidence,False,,,0,0.0,0,0
00000903,00000903,Q9H1J5,351,7ea29509dfaef55664f8f880464762cf470710d183b9d6d103e87b9851c83011,5,folded,,0.0,no_disorder_evidence,False,,,0,0.0,0,0
00000904,00000904,P17612,351,9cafdd1d4fb1ce363ba504e4ee78ddcdbcfe638f9358e8d7a6b043956c7c8871,5,folded,,0.0,no_disorder_evidence,False,,,0,0.0,0,0
00000905,00000905,Q8N335,351,872bf5c7a9c3944ec34c246c16bf81bb832a11cd1786e662044660daf5125c14,5,folded,False,0.0,no_disorder_evidence,False,,,0,0.0,0,0
00000906,00000906,P56705,351,eb16e8ecaf6f1a7fd3faedea5b4f710bad8221a288110bdc5b46e02ce92dd206,5,folded,,0.0,no_disorder_evidence,False,,,0,0.0,0,0
00000907,00000907,O15372,352,0398f25f8a0f4a4191727351d2fd54d124020728f209a603d3dfc039e2b3299d,5,folded,,0.0,no_disorder_evidence,False,,,0,0.0,0,0
00000908,00000908,Q9ULP0,352,565bd039f6c13db055cc98760c1b64a59c09bc4805cb35a9773caf05e514a9a6,5,folded,,0.0,no_disorder_evidence,False,,,0,0.0,0,0
00000909,00000909,P51681,352,7474668859b42bd1928b660b8e0f3588621456c10ad704453a6877db09d44e85,5,folded,False,0.0,no_disorder_evidence,False,,,0,0.0,0,0
00000910,00000910,Q969V5,352,57c7ccd46a683060a85461e483e8c12af1d5cf0e166b88b7606ffeb89d8eaa5c,5,folded,,0.0,no_disorder_evidence,False,,,0,0.0,0,0
00000911,00000911,P63096,354,57f8013fce15aa580c1c618f1fb4f45d76af5361d9190eb56bbbebf5997999d1,5,folded,,0.0,no_disorder_evidence,False,,,0,0.0,0,0
00000912,00000912,P00480,354,35d9672d82f6d9568b8af25ab5534caa47a1bdda9b27e554ad90f564f969cba4,5,folded,,0.0,no_disorder_evidence,False,,,0,0.0,0,0
00000913,00000913,P08754,354,22093c00de41583d7f83fa6270f4affb602588f5a7e67074e2477e67c4a448d4,5,folded,,0.0,no_disorder_evidence,False,,,0,0.0,0,0
00000914,00000914,O96014,354,86980070eb3b20c06810db9f9ed402aaa4ee0c6364f8b4506e83ce8978ac7b47,5,folded,,0.0,no_disorder_evidence,False,,,0,0.0,0,0
00000915,00000915,Q15166,354,9f6dcf3e149904cc13b8e18a649a25de4875c93be63110434982b0f1c192d351,5,folded,,0.0,no_disorder_evidence,False,,,0,0.0,0,0
00000916,00000916,Q7Z3B1,354,2f79b31f38e07112ee6996a551342803cd0fd63e7fd2fb2e1c6b460a9b421017,5,folded,,0.0,no_disorder_evidence,False,,,0,0.0,0,0
00000917,00000917,Q15165,354,ae12c536df68fab7efc71e8b0e6911037e7b8b9fdbd730c986aa4cae85c8a4a9,5,folded,,0.0,no_disorder_evidence,False,,,0,0.0,0,0
00000918,00000918,Q8N6T7,355,7fd5d2b9e2c38a655a96b3f8b84b4a048aaec9f877d23df942f455338e86448c,5,folded,False,0.0,experimentally_curated_partially_disordered,True,DP04167,Q8N6T7,134,0.37746478873239436,86,4
00000919,00000919,P51677,355,e3086b374aa4bcf77f213e1ee9f92800030218ad584591cb87db562595f56b5a,5,folded,False,0.0,no_disorder_evidence,False,,,0,0.0,0,0
00000920,00000920,O95299,355,e58d6ba15fabcd9f22dea9561447b87832a115a5af7ac50b19050e4742869254,5,folded,,0.0,no_disorder_evidence,False,,,0,0.0,0,0
00000921,00000921,P49238,355,b66b51e6868638567895b55980c0d91f94658062d4741f6d565bdd80755c3e55,5,folded,,0.0,no_disorder_evidence,False,,,0,0.0,0,0
00000922,00000922,Q969P5,355,9a6ab10f53102432777322ea988c43caa7e6f71a1f44bb61277770d8e9d01f87,5,folded,,0.0,no_disorder_evidence,False,,,0,0.0,0,0
00000923,00000923,Q9NQR9,355,260f64f11c73bc7debd4764b63061811f0b23979fb73be50eddbd3c75356d4ba,5,folded,,0.0,no_disorder_evidence,False,,,0,0.0,0,0
00000924,00000924,P35575,357,82e9d0c39423f9ef5bbb05eec48eb9f7747788442d0d3d6d6af011b97f14311d,5,folded,,0.0,no_disorder_evidence,False,,,0,0.0,0,0
00000925,00000925,Q8NFJ5,357,86a875b88f5f0dca803d400b3084a488385e48ea6abc3d57ee701be99d778a9e,5,folded,,0.0,no_disorder_evidence,False,,,0,0.0,0,0
00000926,00000926,O75503,358,d14710f8b8538bdd6a036a1b73ad821efc2f75bdf4073781ca295de41a13c0ec,5,folded,,0.0,no_disorder_evidence,False,,,0,0.0,0,0
00000927,00000927,Q96RU7,358,8bdc14a6b150af25be7a09e08abb089e5dd9d1b1b467e9358cd6cc8d823e26b8,5,folded,,0.0,no_disorder_evidence,False,,,0,0.0,0,0
00000928,00000928,Q8TB36,358,5e4b5db0ebecd5878acdc48b80a7d7afc39d5185b8a70c9ec6aad38d49d0d419,5,folded,,0.0,no_disorder_evidence,False,,,0,0.0,0,0
00000929,00000929,P51817,358,9275face74e9bbb2e743271945863a3421fd0416c2a798c3b1441fe85958d705,5,folded,,0.0,no_disorder_evidence,False,,,0,0.0,0,0
00000930,00000930,Q15257,358,a6185454771e6e1de1e4a6d3395fc3ecd7c97f945ab6c5b7e77934aeb8f70b80,5,folded,,0.0,no_disorder_evidence,False,,,0,0.0,0,0
00000931,00000931,Q9NZL4,359,0949de13d2ed928a394e2914534f809b2ef6d823f65084aba899cd4d7792329f,5,folded,,0.0,no_disorder_evidence,False,,,0,0.0,0,0
00000932,00000932,B2RLE7,359,16b16b78bf21f816277616ed48ac9d4b100df2dbe907c58876a22d4d16d4d070,5,ebi_mobidb_lite,True,0.15877437591552734,experimentally_curated_partially_disordered,True,DP03590,B2RLE7,126,0.35097493036211697,94,2
00000933,00000933,P29992,359,5a59fb4c4388d7034c8d9458e5bfc8ee27bd9dd89b9f6d8c2fd05f8a65500455,5,folded,False,0.0,no_disorder_evidence,False,,,0,0.0,0,0
00000934,00000934,P11177,359,7cb6e04ef1bc29d0fd2bbc5d3b8ecdf198095f2a2fca9e58f7b76c7e8581e5ff,5,folded,,0.0,no_disorder_evidence,False,,,0,0.0,0,0
00000935,00000935,P28482,360,1670aefbe2d9baf3412d23252180a37554c5647a0ad5cb1fbd06bb18417aee49,5,folded,,0.0,experimentally_curated_short_disorder,True,DP03864,P28482,30,0.08333333333333333,15,2
00000936,00000936,Q9Y5P6,360,97b3c81a4289634df57656331b9a925150eda718048128ed5ea8a94042bb16bd,5,folded,,0.0,no_disorder_evidence,False,,,0,0.0,0,0
00000937,00000937,Q96QE5,360,45ff389d6fb58675aec2ac8b6970c60bc6123c7c0a52e64b296375d17940c938,5,folded,False,0.0,no_disorder_evidence,False,,,0,0.0,0,0
00000938,00000938,Q6P1Q0,360,9debefc50f54d4082e6429d3b968f1ab027e61230ac3d4991785be84007dffee,5,folded,False,0.0,no_disorder_evidence,False,,,0,0.0,0,0
00000939,00000939,O95149,360,a99289a8bd1ee6cbc5a7329e22837637a23c40e3aeec07f6dfc8719e1525c163,5,folded,,0.0,experimentally_curated_contains_idr,True,DP01874,O95149,81,0.225,61,2
00000940,00000940,Q16539,360,539a4d890afc072187b18b4a970c82df0c180f5a8e93ab2442dbfe99c0aec049,5,folded,,0.0,experimentally_curated_short_disorder,True,DP04452,Q16539,15,0.041666666666666664,15,2
00000941,00000941,P09544,360,149fec326b7ecc20fb4b443f707ee7886768dce372b9a499d6cd69ff8b9c6e8d,5,folded,,0.0,no_disorder_evidence,False,,,0,0.0,0,0
00000942,00000942,Q8N8Q9,360,c9bb9fe61926890b0666feab9b6cede62b5e7847117005bbd97a9ad89bb6c8b6,5,folded,,0.0,no_disorder_evidence,False,,,0,0.0,0,0
00000943,00000943,O60928,360,6b581ba52375cca367e6d3da9f8aa3cf0c43daaf9ab84ade056bc5c7cdcce83c,5,folded,False,0.0,no_disorder_evidence,False,,,0,0.0,0,0
00000944,00000944,Q16769,361,422f5a848c7a8657ed4f760e0a90f7d6e281f147823890b5a30d3caa7189fc72,5,folded,,0.0,no_disorder_evidence,False,,,0,0.0,0,0
00000945,00000945,Q9NV79,361,a0af76c61fe78f58dcf95758c6e71f8da664ce934b8044bed7ee48f10c95a300,5,folded,,0.0,no_disorder_evidence,False,,,0,0.0,0,0
00000946,00000946,P08397,361,0357a836b3f2fc54e934b9cab6530110c24fa0bccf95d2ad315b1f3c477685a3,5,folded,,0.0,no_disorder_evidence,False,,,0,0.0,0,0
00000947,00000947,O95551,362,bd38bd4790028d4666b4138013a04d3ac74c9904985fd571a88753595d894e1e,5,folded,,0.0,no_disorder_evidence,False,,,0,0.0,0,0
00000948,00000948,Q9BRK5,362,5deb4c4359a00ef4044017229b5644562a423a1e4cd7ad48060e75ee4d18230f,5,folded,,0.0,no_disorder_evidence,False,,,0,0.0,0,0
00000949,00000949,Q00325,362,6a79c73f6811274390721a2be0381fbe83a1274003072aa6545eb250b85366c1,5,folded,False,0.0,no_disorder_evidence,False,,,0,0.0,0,0
00000950,00000950,P00813,363,f4124bbcd051f8182a69fa8eb7767b80cfc460fdd1a01eb6e8567315f1bc4b97,5,folded,False,0.0,no_disorder_evidence,False,,,0,0.0,0,0
00000951,00000951,Q9NS00,363,ad9d4f44f29b6bb6fb420f6d016dad6c5e2595c751e2f0e4e4c33d8b9afe9de8,5,folded,False,0.0,no_disorder_evidence,False,,,0,0.0,0,0
00000952,00000952,P50052,363,725949d2b42e2d6a62d2d89ae38ef5b6dd2decc6088e10ff7911887b404545a6,5,folded,False,0.0,no_disorder_evidence,False,,,0,0.0,0,0
00000953,00000953,Q15759,364,c6506b4a937e3a2dfb3534c595b075c700a8dc0eb18b8996c0e43cdfec088e1a,5,folded,,0.0,experimentally_curated_short_disorder,True,DP04451,Q15759,26,0.07142857142857142,15,2
00000954,00000954,P55039,364,303ae63f1629286780e4f0e01a796e4b1f6a7074139c52630b43ea56d4ba46d4,5,folded,,0.0,no_disorder_evidence,False,,,0,0.0,0,0
00000955,00000955,P05062,364,4b656a71aaba4eb8bdf0e04442c30761c3b6b8aea6251fa435c6ac6d2c54d2da,5,folded,,0.0,no_disorder_evidence,False,,,0,0.0,0,0
00000956,00000956,P04075,364,147f5e1c01a9c46a190f49fb23c655e3faedff27e9d248d8b909000dc1947850,5,folded,,0.0,no_disorder_evidence,False,,,0,0.0,0,0
00000957,00000957,O15264,365,d2eed47a9adc4e26efbc7ac8973f153b6862eee84151e80b7d07bb3ffe5af1c1,5,folded,,0.0,experimentally_curated_short_disorder,True,DP04457,O15264,10,0.0273972602739726,10,1
00000958,00000958,O00204,365,3c6081baa466d244e055e3db3137303bf54eb0e3fee14836266f8367b9c02adf,5,folded,False,0.0,experimentally_curated_short_disorder,True,DP00404,O00204,14,0.038356164383561646,14,1
00000959,00000959,Q15743,365,e22052f4286e7726d10d040d625d51d800d1aa5f43b41c67e52311290aa761c5,5,folded,,0.0,no_disorder_evidence,False,,,0,0.0,0,0
00000960,00000960,Q9UBV4,365,0979f51e9cd38081f32eb0ee079a714e19a6838387709a8e84526b94f67ed62c,5,folded,,0.0,no_disorder_evidence,False,,,0,0.0,0,0
00000961,00000961,P04439,365,7b02f3d954c7c3f2e4745b0e62dbcfaf734b97c45b3e54edc23b1a72d30ca8ad,5,folded,,0.0,no_disorder_evidence,False,,,0,0.0,0,0
00000962,00000962,Q9Y6F9,365,f5f7388e64e9dab06d54035f5ddbc74f5fbde16f27e72eeb387810db98141bb0,5,folded,,0.0,no_disorder_evidence,False,,,0,0.0,0,0
00000963,00000963,Q8WTS6,366,31d1c12c4007b059f95e49f1b77b579ad0fe5de652f83c05985ff867ec987c22,5,folded,,0.0,no_disorder_evidence,False,,,0,0.0,0,0
00000964,00000964,Q92847,366,73fe68d1fe5d48b8452464bee663af0788bcce6806ae4c02155747ae82b57257,5,folded,False,0.0,experimentally_curated_contains_idr,True,DP03691,Q92847,28,0.07650273224043716,28,3
00000965,00000965,P10321,366,6d5608f642bd514d853549aaae9e2264053c13b9e2b23e01e86373d1a0f79fdd,5,folded,False,0.0,no_disorder_evidence,False,,,0,0.0,0,0
00000966,00000966,P30939,366,77171773a772e53d5bd11535bd2b1b71a79247509a3a39a72064b4a153274dd3,5,folded,,0.0,no_disorder_evidence,False,,,0,0.0,0,0
00000967,00000967,P50213,366,c76adfa12bb684c6880a2ce872477b2eb992864be3a875e57c76b42e43860984,5,folded,False,0.0,no_disorder_evidence,False,,,0,0.0,0,0
00000968,00000968,Q13303,367,afcdca99f0b86e1f81c230d51c07f9b949a00c29f9851d21d1eb747a871e5723,5,folded,,0.0,no_disorder_evidence,False,,,0,0.0,0,0
00000969,00000969,Q9Y295,367,9251b26288cab7295c6c1b9ec356e24fbe8b73e7e2e9b4bb57db9d4bf0ed691e,5,folded,False,0.0,no_disorder_evidence,False,,,0,0.0,0,0
00000970,00000970,Q8TCJ0,367,6679089ccb8aa7d79e71150a091e595dd2e737ea8a2c04df9a9e4392f7c945be,5,folded,,0.0,no_disorder_evidence,False,,,0,0.0,0,0
00000971,00000971,P06132,367,42c890975b323a20df95e5294bddb6e40c5191c52e76d5767270e2c4b8dd0d15,5,folded,,0.0,experimentally_curated_short_disorder,True,DP00308,P06132,10,0.027247956403269755,10,1
00000972,00000972,Q9H2F3,369,472483a9643ecb8e2c7e3a3d27b11b0d0cdd2492971b4f51ab485d7535ee0527,5,folded,False,0.0,no_disorder_evidence,False,,,0,0.0,0,0
00000973,00000973,B4FUM2,369,f2d7d590194c652ea390ca0d8c4580cb3387905113c572940f8be77455900d06,5,ebi_mobidb_lite,True,0.15447154641151428,experimentally_curated_contains_idr,True,DP03642,B4FUM2,73,0.1978319783197832,73,1
00000974,00000974,Q99719,369,9dcb92c5f40503f661128565246f9896baf611c384c6f8672d13c76a168b3158,5,folded,,0.0,no_disorder_evidence,False,,,0,0.0,0,0
00000975,00000975,O75317,370,43fc58149e814e2607038fa18403369d41fb39cf32f4d2efd71961dd70241131,5,folded,,0.0,no_disorder_evidence,False,,,0,0.0,0,0
00000976,00000976,Q9H999,370,d211f724098edc873310d04c52ca59daa7a509b9a976c8c35e557e5fc0fd5082,5,folded,,0.0,no_disorder_evidence,False,,,0,0.0,0,0
00000977,00000977,P49683,370,3b517c5524ab01e2d68fe192ea4ef0883d9f122def56d5d6640942822c02be6b,5,folded,False,0.0,no_disorder_evidence,False,,,0,0.0,0,0
00000978,00000978,P60893,370,2484bae55b004a21a17238dfb294cc00f4b4ca6f249bdd9186e5a61be5170938,5,folded,,0.0,no_disorder_evidence,False,,,0,0.0,0,0
00000979,00000979,Q96H96,371,a79ae32bb040801cbfb5b5c5818dfacd436da4e55d602eade7d966b10b976860,5,folded,,0.0,no_disorder_evidence,False,,,0,0.0,0,0
00000980,00000980,Q9UN36,371,166a5e856f6031acb7502d92daee704c1d4f5efba7a216f93599b5558dd59226,5,folded,,0.0,no_disorder_evidence,False,,,0,0.0,0,0
00000981,00000981,Q96H72,371,a9d39feb1a124ad1acca13b62f51ca2c53f6c28fd0259d31e54fa2cc66e37cf1,5,folded,False,0.0,no_disorder_evidence,False,,,0,0.0,0,0
00000982,00000982,Q68CQ7,371,9edab3e3ce53a152cd6d2de122211abe6f1d87292c88d393dc63c2adea73e48c,5,folded,,0.0,no_disorder_evidence,False,,,0,0.0,0,0
00000983,00000983,Q99873,371,8616f3973a04b35ece6f2d6677c8175d01b4d6b9a3cfa00197f02cab3211aca0,5,folded,,0.0,no_disorder_evidence,False,,,0,0.0,0,0
00000984,00000984,Q96IR7,371,918e5f73c96b407c5abb9845d984db15794e428d045b692290cdfe685505d935,5,folded,,0.0,no_disorder_evidence,False,,,0,0.0,0,0
00000985,00000985,P30518,371,74850ff3a746768b63892fb357a9655aaf2e7ed5cd149ccbc0728915128a35ba,5,folded,False,0.0,experimentally_curated_contains_idr,True,DP03690,P30518,29,0.07816711590296496,29,3
00000986,00000986,P23610,371,f6f53a5a5219007ec48e75551b596361d80819a40387e02421d9c2de0be7c7e4,5,folded,,0.0,no_disorder_evidence,False,,,0,0.0,0,0
00000987,00000987,P50750,372,2709b182438598d2b9f146586fb2c8549857ef08c97505fddab5a0a8782aaee7,5,folded,,0.0,experimentally_curated_contains_idr,True,DP01309,P50750,72,0.1935483870967742,45,4
00000988,00000988,P26439,372,18033136f0b1562946ef34206594155695acf1088cd70ca93bc77d821a72f149,5,folded,False,0.0,no_disorder_evidence,False,,,0,0.0,0,0
00000989,00000989,Q7L5A8,372,4b44c3e1949c7320cf46913bc8e2ac140d6a875ea7e9e855a0d4e0dd3a195482,5,folded,,0.0,no_disorder_evidence,False,,,0,0.0,0,0
00000990,00000990,P26992,372,00b92f4c323cd0272eac049c194c92f09dfce8008cc62a97299ce811c9441339,5,folded,,0.0,no_disorder_evidence,False,,,0,0.0,0,0
00000991,00000991,P09651,372,e442055eb19ec012a61b997be429d4b1a165fb5610b4e4564c3884fa8e80314d,5,ebi_mobidb_lite,True,0.24462366104125977,experimentally_curated_short_disorder,True,DP00324,P09651,42,0.11290322580645161,16,3
00000992,00000992,Q15738,373,d07f358041e5544db9bb8d1b947033d6509bb0c26d75050370ce84a13a5c45d6,5,folded,False,0.0,no_disorder_evidence,False,,,0,0.0,0,0
00000993,00000993,Q9UJ37,374,669890192d7751a0501a48df6bf9c690533641f605d2eca50ce110d60be00eaa,5,folded,False,0.0,no_disorder_evidence,False,,,0,0.0,0,0
00000994,00000994,P50452,374,2456d9741e1cf308c3e1c2744fa00073346f69367753f7ab7f7f2aba28979ce3,5,folded,,0.0,no_disorder_evidence,False,,,0,0.0,0,0
00000995,00000995,Q8NBK3,374,6bafa458874ddca9fb48e28985567a783984f16d514984a9ab6c8f22a90e149d,5,folded,,0.0,no_disorder_evidence,False,,,0,0.0,0,0
00000996,00000996,Q96G91,374,1457cc37fe90125e3eb5fb1673cd0881ebb57ab5c80dcbeadd95da0d567fb66f,5,folded,,0.0,no_disorder_evidence,False,,,0,0.0,0,0
00000997,00000997,Q5VZM2,374,0a18bbc5f33327b41a59d441f31c183d690272bb1c2e0c888263199ed308019b,5,folded,,0.0,no_disorder_evidence,False,,,0,0.0,0,0
00000998,00000998,P08571,375,fda1f9067d25694b653751bb70dac02b6599238f10d69ab7e5848580bcff073e,5,folded,,0.0,no_disorder_evidence,False,,,0,0.0,0,0
00000999,00000999,P63261,375,f46b91aa3161a0bf81062cb49b2687e721042c3b3915a1f98be05ab377c36ca7,5,folded,,0.0,no_disorder_evidence,False,,,0,0.0,0,0
00001000,00001000,Q11203,375,68ac2e1eb0e386d44069ec8c30fa5ca802c2dfc29cc4291b140117f9366a67c3,5,folded,,0.0,no_disorder_evidence,False,,,0,0.0,0,0
00001001,00001001,Q99527,375,5e99a0fa68e32001c51058e911d823bca3daec4d518d720b65ecd89e44fd7f96,5,folded,,0.0,no_disorder_evidence,False,,,0,0.0,0,0
00001002,00001002,P36952,375,e7d10fe779d85a6779cae5bb69ee2385419a76083d6fdd89d4d3eb7a93d69171,5,folded,False,0.0,experimentally_curated_short_disorder,True,DP03304,P36952,12,0.032,12,1
00001003,00001003,Q9HBK9,375,22411a1d0f872144e817dfea8f53b7876a81053385c8738124fd6286f352d74f,5,folded,,0.0,no_disorder_evidence,False,,,0,0.0,0,0
00001004,00001004,Q5T280,376,92184d205b2594b62a641066f5969fc4b2d12efda05ecea0a3360df401e8a0ca,5,folded,False,0.0,no_disorder_evidence,False,,,0,0.0,0,0
00001005,00001005,P35237,376,0bc7dc2f5cf163bd57ddabb3d6eaab98ee52d87bb8fe3d68e38258795dd19950,5,folded,,0.0,no_disorder_evidence,False,,,0,0.0,0,0
00001006,00001006,Q9H4I3,376,072c078cbcc7ce5f5105585c1733928008d6bde06436305119f2790b2c2017e2,5,folded,,0.0,no_disorder_evidence,False,,,0,0.0,0,0
00001007,00001007,P50453,376,5941182405e96639c6b0faccdeee7b72d773cd2ab67405bb49143592bebc6567,5,folded,False,0.0,no_disorder_evidence,False,,,0,0.0,0,0
00001008,00001008,O43502,376,2d432f1bb00a6ae760baedcc5c0e65b336c0079c62db6020a1ae862ed8c01894,5,folded,False,0.0,no_disorder_evidence,False,,,0,0.0,0,0
00001009,00001009,P63267,376,ad1048821ace554de11e29d757125b383a963320fc0bebde978976fd0621f82b,5,folded,,0.0,no_disorder_evidence,False,,,0,0.0,0,0
00001010,00001010,Q8NCH0,376,4bac311d1a97e0812aa380b6b7f095798d3b52c4f57642a12011e0c5785ec0da,5,folded,False,0.0,no_disorder_evidence,False,,,0,0.0,0,0
00001011,00001011,Q9HB07,376,f784ed71e97085f12302a54a3951fa160105d9049f999461fabe9acaf8306399,5,folded,False,0.0,no_disorder_evidence,False,,,0,0.0,0,0
00001012,00001012,P62736,377,87bb31a34102958f7724b3bd15a1964438a7c900ce2b44fe148f8b9aa1fea007,5,folded,,0.0,no_disorder_evidence,False,,,0,0.0,0,0
00001013,00001013,P68032,377,bc769e8d6b33b15fb848f9506696e659721dd4bc76ae673d61f5a8152365fc55,5,folded,,0.0,no_disorder_evidence,False,,,0,0.0,0,0
00001014,00001014,P68133,377,8eb831723c3400a59d735ece77f54f93211769c4b758ffa5d9069f3c1ef71f2f,5,folded,,0.0,experimentally_curated_short_disorder,True,DP03099,P68135,24,0.0636604774535809,13,3
00001015,00001015,Q96CM3,377,983d66617b8dd6c00f8068f77a5338c4fca89de5a23c3c75af436cdc3d1976a0,5,folded,,0.0,no_disorder_evidence,False,,,0,0.0,0,0
00001016,00001016,P41231,377,50141384eba3411f2fe54dbe12031ea027a1f9858b8ee87a9bc816e8d8928708,5,folded,False,0.0,no_disorder_evidence,False,,,0,0.0,0,0
00001017,00001017,F2WK69,377,23ceaca0a375ee5883740710589375ecc1ee734352f811911fe1df766f683421,5,af2_plddt_fallback,True,1.0,experimentally_curated_contains_idr,True,DP03021,F2WK69,77,0.20424403183023873,77,1
00001018,00001018,P49662,377,8522e2300ddc739d9b087afdd77242928c31e70e49b81bb99bdc5150fc1b9d5f,5,folded,,0.0,no_disorder_evidence,False,,,0,0.0,0,0
00001019,00001019,Q9GZT8,377,ccc2025ca5d4ac8e53c622aa753c05cf7fc4e7db545988000857d52f1c276a66,5,folded,,0.0,no_disorder_evidence,False,,,0,0.0,0,0
00001020,00001020,Q6P4I2,378,18b74eaed0fe569daac03357c49b14e9d20d8a78987befa36c857202e846910c,5,folded,False,0.0,no_disorder_evidence,False,,,0,0.0,0,0
00001021,00001021,P51991,378,1ef9164b1e625ab87e4be06b53e80e1400e333d7394891675415364c50b6e98a,5,ebi_mobidb_lite,True,0.261904776096344,prediction_only_disorder,False,,,0,0.0,0,0
00001022,00001022,P49354,379,34745a84c7f2935ee0fa50ade4058b51883ada7e857e2ba0c4a87c3b93cdaf52,5,folded,,0.0,experimentally_curated_contains_idr,True,DP00558,P49354,66,0.1741424802110818,54,2
00001023,00001023,P78508,379,e594116ab1dc81ec5225be1a1692328bb6ce8a17f19f00a9137ab53d7b773864,5,folded,,0.0,no_disorder_evidence,False,,,0,0.0,0,0
00001024,00001024,P07902,379,10643db1da4d21bc185672925b4ee0bd22609a49f22263ee12d05ff09f7e9c82,5,folded,,0.0,experimentally_curated_contains_idr,True,DP03845,P07902,49,0.12928759894459102,21,3
00001025,00001025,Q86WV6,379,8d1fc91f90056f7fc4e638d2dbf7cd73c12e30e4e9cb97c76cac1d5b308643ed,5,folded,,0.0,experimentally_curated_contains_idr,True,DP01602,Q86WV6,38,0.10026385224274406,38,3
00001026,00001026,Q9H300,379,2c000ffa2c8d1956ed79e44f384eda116a06e772cc1ae3c4f56fc1a75bee0595,5,folded,,0.0,no_disorder_evidence,False,,,0,0.0,0,0
00001027,00001027,P27361,379,ea70f94ced8c73b71298700f937023c6fc660ef5e672a6c07738c08930a7925e,5,folded,,0.0,experimentally_curated_contains_idr,True,DP03497,P27361,23,0.06068601583113457,23,1
00001028,00001028,P41221,380,0a57ca60e95802846be9713727f56860a77bc7f2e7bd965a0d9c02cc2743046b,5,folded,,0.0,no_disorder_evidence,False,,,0,0.0,0,0
00001029,00001029,P01100,380,908a688d4ee48e4069571a607c93ca51af1e0b24707c5e542f0392f01a44229b,5,ebi_mobidb_lite,True,0.12368421256542206,experimentally_curated_partially_disordered,True,DP00078,P01100,165,0.4342105263157895,165,3
00001030,00001030,P41145,380,945340616bafd8d32b4cdb5a4f6a1f13ee9de829fd7daccf5f63fc94149d6b34,5,folded,,0.0,no_disorder_evidence,False,,,0,0.0,0,0
00001031,00001031,Q9BXN1,380,0c97cb6c6d7ccef20d758c7acf9a12abfb4990798a8491ed8a46a8c1d98a24f9,5,folded,,0.0,no_disorder_evidence,False,,,0,0.0,0,0
00001032,00001032,P00156,380,2418f2e64d6a4d2148802c8eae64d9da6757e8ad157a03f55a047249148b1756,5,folded,,0.0,no_disorder_evidence,False,,,0,0.0,0,0
00001033,00001033,Q8NFH3,380,77babc2e273997647a572907996a1022981e9a05d4c357c344d2a040130e3d6d,5,folded,,0.0,no_disorder_evidence,False,,,0,0.0,0,0
00001034,00001034,P35414,380,7c44a5c602ed3747f888e66d3e0d1e9f5f7ad40194536c4cf2fd76611124e520,5,folded,,0.0,no_disorder_evidence,False,,,0,0.0,0,0
00001035,00001035,P31321,381,e461ba5414826c318b65d1a6d7c5454e38eb0ee65bb6f964dbfaa29b7d2d258c,5,folded,,0.0,experimentally_curated_contains_idr,True,DP02632,P31321,36,0.09448818897637795,23,2
00001036,00001036,Q9BYZ2,381,35d7f3da7d41e165d5f8c5d5fead6e7c11d2b65218ab5279e02364c1abfdc125,5,folded,,0.0,no_disorder_evidence,False,,,0,0.0,0,0
00001037,00001037,D0NBE6,381,c2b7be9a21711b95719abd8425750e8a4c07d3ed77ffe936ca25cb6f382ef0f8,5,af2_plddt_fallback,True,1.0,experimentally_curated_short_disorder,True,DP03676,D0NBE6,12,0.031496062992125984,12,1
00001038,00001038,Q03113,381,6e86dab5a812dfb447a99f9bdd8f51976cba9d3ea9d409e0aa053b241d705eae,5,folded,,0.0,no_disorder_evidence,False,,,0,0.0,0,0
00001039,00001039,Q9UHK6,382,a80d4c389a5665f4c973094153831fdce12ed4da3c2f2ab0bd664d28197fdbe9,5,folded,,0.0,no_disorder_evidence,False,,,0,0.0,0,0
00001040,00001040,Q29983,383,97c9b93e1218e34cf0bf3ab518c88acb9a32a117c20668bd8fcc1d3ba16135e4,5,folded,False,0.0,experimentally_curated_short_disorder,True,DP00670,Q29983,10,0.02610966057441253,10,2
00001041,00001041,Q8IU89,383,5ccf42af653a19b4e360cf5c5c932ff3dd9c3698f69cc10b2ff1415b7be2f28c,5,folded,,0.0,no_disorder_evidence,False,,,0,0.0,0,0
00001042,00001042,Q9NYA1,384,1c3f6728fda6bc11484eedf59839def4b86b08a94b1d4e28b855f5da0535ce21,5,folded,,0.0,no_disorder_evidence,False,,,0,0.0,0,0
00001043,00001043,Q96L12,384,7cef6009ca6797f1cb7207ed0d8bf4ccbd5335ba79f74fe1305efe86ea051536,5,folded,False,0.0,no_disorder_evidence,False,,,0,0.0,0,0
00001044,00001044,Q9HC16,384,5d55debc086b288698438a24c5deb06ffe1391a0388d8eb307d0904eb690746f,5,folded,False,0.0,no_disorder_evidence,False,,,0,0.0,0,0
00001045,00001045,P35613,385,e4c2f484f4707a731baa61ab7f43e808c778198b657912e6500659e0a7e30308,5,folded,,0.0,no_disorder_evidence,False,,,0,0.0,0,0
00001046,00001046,Q01459,385,c38b86894a87755dcdde4e8df39180a33e985946a99f9181987f339aaa78beae,5,folded,,0.0,no_disorder_evidence,False,,,0,0.0,0,0
00001047,00001047,Q8N490,385,1e3f2744a509a423995eb613904c9f35be62dc49030351da8e8242ea145d1028,5,folded,False,0.0,no_disorder_evidence,False,,,0,0.0,0,0
00001048,00001048,O43837,385,0f98e992426fef9b183eb7cab2f913442f3e1dcb6e96d1ff62a62a6268dd7573,5,folded,False,0.0,no_disorder_evidence,False,,,0,0.0,0,0
00001049,00001049,Q12824,385,f846c05b4f21309b933f90a1217d68966335d0417e58f8a9bcfdaac9033cc2c2,5,af2_plddt_fallback,True,1.0,conformational_proxy_only,False,,,0,0.0,0,0
00001050,00001050,Q86V24,386,4e83b8de9debe8a2041ac5b47fc20c8174b5928bb6f2e28f80d2ec07c6e3f432,5,folded,,0.0,no_disorder_evidence,False,,,0,0.0,0,0
00001051,00001051,P15309,386,3c034726488da0d983ef74707427fe347f18653c3a81156061d192a6179ac130,5,folded,,0.0,experimentally_curated_contains_idr,True,DP00628,P15309,39,0.10103626943005181,39,1
00001052,00001052,Q9UKT5,387,98e1148b581be12f07c4c903890d5a5ff4ef0474d7a037bc56975b8149c72527,5,folded,,0.0,experimentally_curated_contains_idr,True,DP01884,Q9UKT5,30,0.07751937984496124,30,1
00001053,00001053,Q16816,387,c03468fb00443a1ca0545f32b6615d6d2fbc936add9252fb95f34e917cbfc39b,5,folded,,0.0,no_disorder_evidence,False,,,0,0.0,0,0
00001054,00001054,Q08431,387,d10e581cf79b1bc41ba9ceb248ea818d58d3b9ed39a9dd587e73f21ce9392aa4,5,folded,,0.0,no_disorder_evidence,False,,,0,0.0,0,0
00001055,00001055,Q8NFZ8,388,b172ce5471a5727f02949ff5c28db7c4c6c8d6f3cac1b4e1a92409e5df7221e5,5,folded,False,0.0,no_disorder_evidence,False,,,0,0.0,0,0
00001056,00001056,Q9H488,388,0e4098eb7ab459f625f0716b20db74682b2bf34e20e171d226839d9f2248d3fd,5,folded,,0.0,no_disorder_evidence,False,,,0,0.0,0,0
00001057,00001057,Q96PD7,388,96f95db18900307fe87032836171bce53166f8f75f463da337738ad219feeed4,5,folded,,0.0,no_disorder_evidence,False,,,0,0.0,0,0
00001058,00001058,P29803,388,3bbc671767ff8d3f1b2ea52acfefa255676f7eca2415bc9a89a8c045e5dfa013,5,folded,,0.0,no_disorder_evidence,False,,,0,0.0,0,0
00001059,00001059,Q99571,388,74acc08b9ac28a6be88086257fd35c494a0d423b055dde888060c000f42e5e93,5,folded,,0.0,no_disorder_evidence,False,,,0,0.0,0,0
00001060,00001060,P0DJD9,388,3a4247dc6bcf564b3c5bc0559b18604c0010ce524aec741cfd1e42f56b44efff,5,folded,False,0.0,no_disorder_evidence,False,,,0,0.0,0,0
00001061,00001061,Q8NEK8,389,47c5c0f8a597b3d4462472aafdd66558b6668b394a885ed9623669a5db72cc6b,5,folded,,0.0,no_disorder_evidence,False,,,0,0.0,0,0
00001062,00001062,Q96DP5,389,f8ed35395533c22fcfba317a4c49dae2bd20b33b9f74ea52432f815ba15a15f8,5,folded,False,0.0,no_disorder_evidence,False,,,0,0.0,0,0
00001063,00001063,O00744,389,a212f8566be42cdc6689e5d3471c54014752946a1697e9f21e3c5679fa0eb5d6,5,folded,,0.0,no_disorder_evidence,False,,,0,0.0,0,0
00001064,00001064,Q9NXC2,390,7445f5f4cd67168a905a4f5579ea33f747cac4bf37f80698ab888e5b74d35325,5,folded,,0.0,no_disorder_evidence,False,,,0,0.0,0,0
00001065,00001065,Q96FI4,390,7702821495fe148c06f598b84872afe5ab2995f55aea6dfec3d7412026f943bf,5,folded,False,0.0,experimentally_curated_contains_idr,True,DP01480,Q96FI4,78,0.2,78,2
00001066,00001066,Q14654,390,607eea43ecd23c2d43d7d12cc6f26edfeb0c9ab22a17b1d09c9281e301ed99c7,5,folded,,0.0,no_disorder_evidence,False,,,0,0.0,0,0
00001067,00001067,Q8IVS2,390,9cb270eee2ba31f326578efb06a676bbbf76e03bcd6527f28bcf67a02dbe006f,5,folded,,0.0,no_disorder_evidence,False,,,0,0.0,0,0
00001068,00001068,P08559,390,b0ffe4f92f6d92f2efc216829abfcb64e1741674a7a601d079e1b64971f4eb7e,5,folded,False,0.0,no_disorder_evidence,False,,,0,0.0,0,0
00001069,00001069,P48594,390,643fa1288d817ac7bffeff47a136d869915cf33b3dad9106aee8f3f4e6d86684,5,folded,False,0.0,no_disorder_evidence,False,,,0,0.0,0,0
00001070,00001070,Q93097,391,cf0b715d42d6644a601432f0d951c189856e9cd44010a25ccc8e038faaf77aac,5,folded,,0.0,no_disorder_evidence,False,,,0,0.0,0,0
00001071,00001071,Q5VWP2,391,5fcff0c4d9a78dddddc06e881b334ca1eed786cd84e0da57524420eac845f932,5,folded,,0.0,no_disorder_evidence,False,,,0,0.0,0,0
00001072,00001072,Q9H3M7,391,ac9246474c835a4c8ca7e13300a00c802298ce3f904d296a4feb77cb10903eb9,5,folded,False,0.0,experimentally_curated_short_disorder,True,DP03075,Q9H3M7,18,0.04603580562659847,18,1
00001073,00001073,P55209,391,cb9a38252506b2fcdfc0c23288b453e9fd9deba89cc7812ec140839b83095204,5,folded,False,0.0,no_disorder_evidence,False,,,0,0.0,0,0
00001074,00001074,P48048,391,177f175612408c3c8228b8bda7d59b8b02a9f044b776e0bb2b79700702cccac1,5,folded,False,0.0,no_disorder_evidence,False,,,0,0.0,0,0
00001075,00001075,P68400,391,f76d4444f84e1144c3d580f7f6c2ccb02d021a741c16a909ae2a9e2bc90b32f3,5,folded,,0.0,no_disorder_evidence,False,,,0,0.0,0,0
00001076,00001076,P51570,392,feb69b7c7de35df748b92a044b9470d33caa94eebddc10a0ebfaceff3d6827df,5,folded,False,0.0,no_disorder_evidence,False,,,0,0.0,0,0
00001077,00001077,Q96P15,392,181a25e6b7ac06950eeac206ac105b7f465177c5727b6b9f24d288e8867037f9,5,folded,,0.0,no_disorder_evidence,False,,,0,0.0,0,0
00001078,00001078,Q8NBL1,392,74b1b43374bb90b3d4eab7556eb4557d2f3c3f1f4d8503df9df7beb895e0a6a6,5,folded,False,0.0,no_disorder_evidence,False,,,0,0.0,0,0
00001079,00001079,Q9H0C8,392,9c82a0828a1f762f7b2967a372583a83850108a9c3a5c7345664df3b973f6347,5,folded,,0.0,no_disorder_evidence,False,,,0,0.0,0,0
00001080,00001080,P21953,392,f5cb3b8e0e3b02ef901952cbb30a49d1625174e5b85eb91cbd2ffdfb3b79497d,5,folded,,0.0,no_disorder_evidence,False,,,0,0.0,0,0
00001081,00001081,Q02750,393,946738194771d8903ea1de39783f6bebe496fb1b4c6d06255e560ee6678d0676,5,folded,False,0.0,no_disorder_evidence,False,,,0,0.0,0,0
00001082,00001082,P32754,393,11e560a685bf1b104cc898e25b632bc4bd7d8e027955f2d7e663ee781abe6ae5,5,folded,,0.0,no_disorder_evidence,False,,,0,0.0,0,0
00001083,00001083,Q96G75,393,c19bbae778c470c7ca123f41cd7993231714b339eb7fc5f508af94b5d6f90187,5,folded,,0.0,no_disorder_evidence,False,,,0,0.0,0,0
00001084,00001084,Q99536,393,6b279b7986ad5efcc5fd61908164dcd3640901153a0ba2779e39e917db28b480,5,folded,,0.0,no_disorder_evidence,False,,,0,0.0,0,0
00001085,00001085,P04637,393,e3ca60f18e3b6e98986ad6749215ee3b7a3abc09c191675213d1f243c035c9a3,5,ebi_mobidb_lite,True,0.3409669101238251,experimentally_curated_partially_disordered,True,DP00086,P04637,148,0.37659033078880405,93,16
00001086,00001086,P51553,393,3938812fed813b489d65ecf87bd4f0b1ae212821af493b21c64cd7ed271d15f4,5,folded,False,0.0,no_disorder_evidence,False,,,0,0.0,0,0
00001087,00001087,Q92597,394,e60fb3a5a1c9eb9cd1346cd7a533c0e72c427662cbc56d6bf46659a7639d058c,5,folded,,0.0,experimentally_curated_contains_idr,True,DP03990,Q92597,83,0.21065989847715735,83,2
00001088,00001088,O14649,394,7960e9cf1aca3a128f8499714b480e1bfa7940bba066f62f5e848bf0671233b0,5,folded,,0.0,no_disorder_evidence,False,,,0,0.0,0,0
00001089,00001089,Q6VVB1,395,bb3a6b98daf512c278e514c68d96e48ee8016746c901272729c05f0f37bac1a5,5,folded,,0.0,no_disorder_evidence,False,,,0,0.0,0,0
00001090,00001090,Q9Y259,395,a3ca9d7bef7c1cb25b3a5af3236292ff78728d652260f9bfcd24820944b3cb07,5,folded,False,0.0,no_disorder_evidence,False,,,0,0.0,0,0
00001091,00001091,Q13510,395,a8e6a640c168c50c015bcf79e74324971856b152d3afc7eea206da06c2e54181,5,folded,,0.0,no_disorder_evidence,False,,,0,0.0,0,0
00001092,00001092,Q92643,395,88ce26b413f76e3874b6fb23278770db59cd0fa53d17c214bc90ae649a6bc047,5,folded,,0.0,no_disorder_evidence,False,,,0,0.0,0,0
00001093,00001093,Q08ET2,396,92b3734c7620266aae344231199917f11a49d51e362cec8c233b1fb12d103931,5,folded,,0.0,no_disorder_evidence,False,,,0,0.0,0,0
00001094,00001094,P78381,396,6be96864a5ad8b13831d331aa9a99f9cfc91bddc730afad294f9913910f36929,5,folded,,0.0,no_disorder_evidence,False,,,0,0.0,0,0
00001095,00001095,Q13216,396,ed24eb6b13c9561ca9ff81995863384695f50894fb6d35d649c9c87b9045ce2a,5,folded,False,0.0,no_disorder_evidence,False,,,0,0.0,0,0
00001096,00001096,P56373,397,0ade5cb5055eb17bde6b4f539f3f72f19246f20d8d5ee17be1f1cfac3fba4f44,5,folded,,0.0,no_disorder_evidence,False,,,0,0.0,0,0
00001097,00001097,P48595,397,4b4dc510dceb7493f8ffad53aab439502e8d78156fe6525c20366bd003327d77,5,folded,False,0.0,no_disorder_evidence,False,,,0,0.0,0,0
00001098,00001098,P55085,397,8550c6f57259222690a536109af51f2d223ecfe3e8e5f5fe9c0ed4df2f127386,5,folded,,0.0,no_disorder_evidence,False,,,0,0.0,0,0
00001099,00001099,P34981,398,42b191ec434758bea3a9b51bd0f09a12a08c703efe8c8bfee85cb129c721f3d8,5,folded,False,0.0,no_disorder_evidence,False,,,0,0.0,0,0
00001100,00001100,Q5VXI9,398,81e12bbfc1c1993ac6434deee8b40b1ebaffd0f432bd7730b77fe236abbf3a39,5,folded,False,0.0,no_disorder_evidence,False,,,0,0.0,0,0
00001101,00001101,Q8N2K0,398,f1480bb9e83f866c00f73a741de7d7b181d194554a38409e1cb8769686a19193,5,folded,False,0.0,no_disorder_evidence,False,,,0,0.0,0,0
00001102,00001102,Q86YH6,399,cf70a43add10a4b7d0982d3321a4e5357ca50ece4d40c10264261eb6d2ace8ea,5,folded,False,0.0,no_disorder_evidence,False,,,0,0.0,0,0
00001103,00001103,P22760,399,183d70572e08521d907a5b754bc16a1ab1d6e98c23a0e3624d54b09a91e7a933,5,folded,False,0.0,no_disorder_evidence,False,,,0,0.0,0,0
00001104,00001104,P49441,399,27acdbd7c8754b67ae712065be24409b9d61ec9b35a49039101edd4449c9966e,5,folded,,0.0,no_disorder_evidence,False,,,0,0.0,0,0
00001105,00001105,P51575,399,47a7ae3585219f3b9f76da1259215e95b57cffa881962fce3ee2f6364da7dd2a,5,folded,,0.0,no_disorder_evidence,False,,,0,0.0,0,0
00001106,00001106,P36507,400,679986c39e4cb9599dc08211bd0f7b4941586aff6eabbf20148fcc35d02c21f4,5,folded,False,0.0,no_disorder_evidence,False,,,0,0.0,0,0
00001107,00001107,P15509,400,c1cdc3e09ee3075793320d4d95c92008fe832c5ad47fbfee6c1577021f3450eb,5,folded,False,0.0,no_disorder_evidence,False,,,0,0.0,0,0
00001108,00001108,P35372,400,4d0c1ae8d9c6ecf5ffef01bd5a16f859dac3ae273225407783296131c695c1fd,5,folded,,0.0,no_disorder_evidence,False,,,0,0.0,0,0
00001109,00001109,Q9NRC8,400,34ffd0d733956315a3e7f397559509e0e49be81e544bbacc713eaf6834591d45,5,folded,,0.0,no_disorder_evidence,False,,,0,0.0,0,0
00001110,00001110,Q9BTV4,400,57188f2ba974ec689e5fe49477c59255dc058444d840cbfbf1a6c83663e0d1f1,5,folded,False,0.0,no_disorder_evidence,False,,,0,0.0,0,0
00001111,00001111,Q9NQL2,400,a479413194483477cedcc21620f2fd71bb917b097dc03cbaead49553a00bb3d7,5,folded,,0.0,no_disorder_evidence,False,,,0,0.0,0,0
00001112,00001112,P35462,400,0c28b2bbcd26288e922995658ec906ad6b2d7c80ca8acd4f6764079f94edb811,5,folded,,0.0,no_disorder_evidence,False,,,0,0.0,0,0
00001113,00001113,Q96P53,400,a132f2aadf343d5f1b1353d4be9592bf6216f673301380f3a85991afa9458bb9,5,folded,,0.0,no_disorder_evidence,False,,,0,0.0,0,0
00001114,00001114,O60609,400,e39d40e7f64b1485626ef7152e16f92912e6bf9d7113b0d34868b9ca6d9517ae,5,folded,,0.0,no_disorder_evidence,False,,,0,0.0,0,0
00001115,00001115,Q6UX73,402,c5c9b7c57e192468afd761b41055e5dea0607cc13a7a70f6f4a3573dcd25a460,5,folded,,0.0,no_disorder_evidence,False,,,0,0.0,0,0
00001116,00001116,O14965,403,7192d652f813d4d86f957b1edb7729c8adb429515fb591d7f4c6937a9d54dec2,5,ebi_mobidb_lite,True,0.3101736903190613,experimentally_curated_contains_idr,True,DP03125,O14965,48,0.11910669975186104,21,4
00001117,00001117,Q9BUU2,404,f1a3f7cf0e5a852db4cd9b00ff7559358ada38f08c62fab089bbbb50b2d798ab,5,folded,,0.0,no_disorder_evidence,False,,,0,0.0,0,0
00001118,00001118,P29466,404,beec7f48b884ff00dab1aa4e52663858ce7c00a8499385c4008b88cd8c058176,5,folded,,0.0,no_disorder_evidence,False,,,0,0.0,0,0
00001119,00001119,Q0D2K0,404,ab282ce9e212d348a7e3d6b727062513c7e6dec61f73f03cece31ba5b238c6c8,5,folded,,0.0,no_disorder_evidence,False,,,0,0.0,0,0
00001120,00001120,P13861,404,34bf1a7990186d378cf05069f551f756964ddf282506d83c8bf1d32ada38c9d1,5,folded,,0.0,experimentally_curated_contains_idr,True,DP02333,P13861,47,0.11633663366336634,47,1
00001121,00001121,Q96P63,405,1427289d9165d6c67ecb71c1e5eca7c73c37573f123110f2cf9bb7b8461f102e,5,folded,,0.0,no_disorder_evidence,False,,,0,0.0,0,0
00001122,00001122,Q15120,406,2d727c595488c5a10810a0f8e487d9ed461ff08bd8e7f7130b633bfcaf1108f3,5,folded,,0.0,no_disorder_evidence,False,,,0,0.0,0,0
00001123,00001123,Q9UDX3,406,e5c524cf28eee1cf7620ecba3e845835dba93ea8b34db94c6204f38b42f39ac0,5,folded,,0.0,no_disorder_evidence,False,,,0,0.0,0,0
00001124,00001124,Q9UNH7,406,ec64d53af0204dd18a25cee72eb0d8dfb797a389a93aad8c4e92fe0075f806a6,5,folded,,0.0,no_disorder_evidence,False,,,0,0.0,0,0
00001125,00001125,Q15119,407,611a141089a3c9af8250356bab8d80266a97e864664d5c69ec55f222d691bbe9,5,folded,,0.0,no_disorder_evidence,False,,,0,0.0,0,0
00001126,00001126,A1L1Q4,408,51d312a499f0dac4c1a07fe461eb37d41c8b631d1f42e8b04341335ca57d22ba,5,af2_plddt_fallback,True,1.0,experimentally_curated_contains_idr,True,DP03175,A1L1Q4,71,0.17401960784313725,71,1
00001127,00001127,Q9HB14,408,f2b2ef3aa99df4b6faed55a0d5817d089270ad94b10a17852efb0681a3afc5eb,5,folded,,0.0,no_disorder_evidence,False,,,0,0.0,0,0
00001128,00001128,P12644,408,d33315eb3aa3425aa85de6e46ec9f17a8aaa9ae2bbc48787a1192876eff8f954,5,folded,,0.0,no_disorder_evidence,False,,,0,0.0,0,0
00001129,00001129,Q9H3H5,408,4cd618cb0cc9e06074a977ae60a4f01bea4447e5d5a664e0d58602df77c04297,5,folded,,0.0,no_disorder_evidence,False,,,0,0.0,0,0
00001130,00001130,P32121,409,92a40d59e6dbe97f4054beb4193e6921229d48b1880f077dea6e077cafed4356,5,folded,,0.0,no_disorder_evidence,False,,,0,0.0,0,0
00001131,00001131,Q99574,410,427a0ceb387b652acf26bd09faf43b0f4e0bf34ea854bf5deff7dae6010ef0af,5,folded,,0.0,no_disorder_evidence,False,,,0,0.0,0,0
00001132,00001132,P29274,412,d1707e447ac7d7fcd10f6f1c1e61754460b8f5e206eedc0ba64747cd49b733f2,5,folded,,0.0,experimentally_curated_contains_idr,True,DP01547,P29274,120,0.2912621359223301,120,6
00001133,00001133,Q13702,412,9dd769a4e44a2d6779dbf1e470584a46e2b385fc9cf51f54c1af7e175fb4e9e6,5,folded,,0.0,no_disorder_evidence,False,,,0,0.0,0,0
00001134,00001134,Q401N2,412,e5364fe133458416f3c09965ecb756101196d829fe67d55bdf822e2adc9bfee3,5,folded,,0.0,no_disorder_evidence,False,,,0,0.0,0,0
00001135,00001135,O43463,412,fcf28814b5ddb4cab996cd48d85cef49343e5383749bd4f000f6f1e8a3636e00,5,af2_plddt_fallback,True,1.0,conformational_proxy_only,False,,,0,0.0,0,0
00001136,00001136,P00966,412,59330d252f8e0edf5b76621004534a013453ee24e26bc992b73bd10125f032c8,5,folded,,0.0,no_disorder_evidence,False,,,0,0.0,0,0
00001137,00001137,B9UCQ5,414,ccc79fc65f6ed72307f5cd2938a6fdfbaab75e708dbf7b975a4bcd617f56f794,5,ebi_mobidb_lite,True,0.12318840622901917,experimentally_curated_contains_idr,True,DP01567,B9UCQ5,58,0.14009661835748793,58,1
00001138,00001138,O75874,414,5c99fe8bf1991cd76f6c3552589adbbf6067dea9f85a4be30a041aed43113415,5,folded,,0.0,no_disorder_evidence,False,,,0,0.0,0,0
00001139,00001139,Q13148,414,db904fb6bea3d836fa9c2d870a738e324e79a98b89b69b5f2492e9772b7efbb7,5,ebi_mobidb_lite,True,0.1835748851299286,experimentally_curated_partially_disordered,True,DP01108,Q13148,152,0.3671497584541063,152,4
00001140,00001140,Q96B67,414,f99fd92959c7ac39b83a8ee8531a5613cafa7fcf14d3b96882abc2db842051a2,5,folded,,0.0,no_disorder_evidence,False,,,0,0.0,0,0
00001141,00001141,B8ZXI1,415,65beff81ebdf777fdd01370f0449a87caf2b43ff46d13f691f019d39c8d0ff64,5,af2_plddt_fallback,True,1.0,experimentally_curated_contains_idr,True,DP02681,B8ZXI1,35,0.08433734939759036,35,1
00001142,00001142,Q9GZQ4,415,91ba1ba4d4c106b3f4637cdae75ef840c00c268986b36e5112c6010b3720ee01,5,folded,,0.0,no_disorder_evidence,False,,,0,0.0,0,0
00001143,00001143,P48730,415,7f1f4116d6e914218c8fb5941efe670b856085d636b76dae4968530b6c6c31fd,5,folded,,0.0,no_disorder_evidence,False,,,0,0.0,0,0
00001144,00001144,Q9NRD5,415,a3bc566baab8685fe7d30aa1ed957a74debd409e26cbaa2da29ea3e3f2ab327e,5,folded,,0.0,no_disorder_evidence,False,,,0,0.0,0,0
00001145,00001145,P52597,415,0ca994fdd07a1c873edcaf1fb941ed420716d261c98ed2c7405eee1b8cd8ce5e,5,af2_plddt_fallback,True,1.0,experimentally_curated_short_disorder,True,DP01736,P52597,21,0.05060240963855422,11,2
00001146,00001146,Q9H553,416,b57e9e0275de0856476f652fd32ddf478eaf3c449e5b3bdb7675a48fc553c0a5,5,folded,,0.0,no_disorder_evidence,False,,,0,0.0,0,0
00001147,00001147,P00558,417,47d8ff364736d41a97b44a2e2c8561fc796f4c1a974dcb6cce8de14b5883fdf9,5,folded,,0.0,no_disorder_evidence,False,,,0,0.0,0,0
00001148,00001148,P27797,417,9e4dcfd5cc4649a55d52b7f6f58a5d66513f3553779f6df1a35c8924e2d62ff3,5,folded,,0.0,experimentally_curated_contains_idr,True,DP00333,P27797,51,0.1223021582733813,51,2
00001149,00001149,P50454,418,e599f0c5b5d2842be9ff28b0e0fc192cdfcdcdeef77ef4b0bc65c29349f19a83,5,folded,,0.0,no_disorder_evidence,False,,,0,0.0,0,0
00001150,00001150,Q14032,418,6eb8405266663d630133862477db2095f6055fa1ae8f34f271c282b23ee09f0f,5,folded,,0.0,no_disorder_evidence,False,,,0,0.0,0,0
00001151,00001151,Q96FA3,418,335308f096756a3df0215872048688705e4c202b3fb4ac426b1d7a2c0ae16340,5,folded,,0.0,no_disorder_evidence,False,,,0,0.0,0,0
00001152,00001152,Q9HAW0,419,9ad4c07db22299e10a34d49ca8ae0abd45151bc8d205e83894358b16cdf29d9a,5,folded,,0.0,no_disorder_evidence,False,,,0,0.0,0,0
00001153,00001153,P16930,419,28e31eb6b67dddc9e5ce3831d7a1f1a9384e874062285b76ef0233b8738752e4,5,folded,,0.0,no_disorder_evidence,False,,,0,0.0,0,0
00001154,00001154,P21917,419,9a2657fa53c2073146e48e443489559cdbfc220b161c20897cb3ba8a6b9c2fd6,5,folded,,0.0,no_disorder_evidence,False,,,0,0.0,0,0
00001155,00001155,Q14722,419,7ee5f87b1764cc08f19a65b72e96bd90e868846d1c49494010cc62c84ac6bcfd,5,folded,,0.0,experimentally_curated_contains_idr,True,DP00090,Q14722,62,0.14797136038186157,62,1
00001156,00001156,P80303,420,7f8f05fe7d88c84e860e784361460e5d74883b9db8aad6f53858feb5fd7131d1,5,folded,,0.0,experimentally_curated_partially_disordered,True,DP03424,P80303,231,0.55,231,1
00001157,00001157,A6QHR2,420,eb84a81cc24ff6835e2e134ea3907563081f06b7d2866492d2f78ea8406da549,5,af2_plddt_fallback,True,1.0,experimentally_curated_contains_idr,True,DP02035,A6QHR2,98,0.23333333333333334,98,1
00001158,00001158,P49841,420,2ca842f3e7a01314833c340d495dc171c89dca6271a7cf89edb90e6194b06fa3,5,folded,,0.0,experimentally_curated_contains_idr,True,DP00385,P49841,85,0.20238095238095238,35,3
00001159,00001159,P09543,421,d49c395fb320acb07c1dc88d32b22a0bdfc214f8514dc0bc770e1e59f254355f,5,folded,,0.0,no_disorder_evidence,False,,,0,0.0,0,0
00001160,00001160,Q9NWX5,421,2b9b798b1f0783ace23fc1c327c04a10a36ff2107170e2e8d8d0543df8bcffa4,5,folded,,0.0,no_disorder_evidence,False,,,0,0.0,0,0
00001161,00001161,D0AB09,421,283e83ff2cf8a73e05f08ae7c7bb74caa977f2435c2c900eee5ef9ffb013c865,5,ebi_mobidb_lite,True,0.059382423758506775,experimentally_curated_short_disorder,True,DP03772,D0AB09,10,0.023752969121140142,10,1
00001162,00001162,Q8N9L9,421,b9a69bf0064eff2e194e8fecfa262efd236fb1601a8da8cd7c919149eda05c0b,5,folded,,0.0,no_disorder_evidence,False,,,0,0.0,0,0
00001163,00001163,Q9BSU1,422,18a9e74eadcd090181e5bbdca110e173a9793a34a9d341fd883dfc6d90f9dc11,5,folded,,0.0,no_disorder_evidence,False,,,0,0.0,0,0
00001164,00001164,P08908,422,32d61aba7a823674fd552153a3ed08e864258b7720546b2ca65e7e29f6cc0a13,5,folded,,0.0,no_disorder_evidence,False,,,0,0.0,0,0
00001165,00001165,Q9UKC9,423,2aca3e0d8fb35375b03de23331d1c6c0c03529cca4b65f41847b508d90ad27ff,5,folded,,0.0,no_disorder_evidence,False,,,0,0.0,0,0
00001166,00001166,P01011,423,17489c88895da4092cb17f42bfc641843f5b99802f808299a7aaa48795a34cfe,5,folded,,0.0,no_disorder_evidence,False,,,0,0.0,0,0
00001167,00001167,Q9UKS6,424,c1b7887ef114c6e20668438e70c00f39cfdfbc4a3a3f500fd49d536b2b72c400,5,folded,,0.0,no_disorder_evidence,False,,,0,0.0,0,0
00001168,00001168,Q96A09,425,3bb3e235c87a9601bb8d90a10e9baf113788181b21e541d1a638836037180b54,5,folded,,0.0,no_disorder_evidence,False,,,0,0.0,0,0
00001169,00001169,Q96RD7,426,779d1fe8319b7e44f9ec4b5a44b787895e169f30536abc610c611cf76b413fed,5,folded,,0.0,experimentally_curated_contains_idr,True,DP02945,Q96RD7,81,0.19014084507042253,53,2
00001170,00001170,P26440,426,c6756548a52fc2a4e04fae33d203a08f65db21192f32d1a937d61e25f8d56e51,5,folded,,0.0,no_disorder_evidence,False,,,0,0.0,0,0
00001171,00001171,O94805,426,f4b36022276536f00184867673a6d687a7e7a81e3a4c9d552f3cf332fc75c50e,5,folded,,0.0,no_disorder_evidence,False,,,0,0.0,0,0
00001172,00001172,O15554,427,bf748f82514de6ba0970b64a7ebe3c2f03477f9e4ce23b5dfdc5aa2eedc6d687,5,folded,,0.0,no_disorder_evidence,False,,,0,0.0,0,0
00001173,00001173,P45983,427,e21eccad4aa906413ff8b7fcb1a5b107b313731e4054371ff21c72b73ba7ed6f,5,folded,,0.0,no_disorder_evidence,False,,,0,0.0,0,0
00001174,00001174,O15379,428,9d0bf140dd3e9610a05d0391d0b3076177bb6c5932d4b003e913cd9bfb378d81,5,folded,,0.0,no_disorder_evidence,False,,,0,0.0,0,0
00001175,00001175,Q9GZQ6,430,5283fdaa4b98602fc7785745c5b2716a51439e191ece23faad6a2f1482cb1aeb,5,folded,,0.0,no_disorder_evidence,False,,,0,0.0,0,0
00001176,00001176,Q9UJU6,430,36e08a1f8b55c2083b7ce7a0d5cdd089fb7b18dbed9cd2bbac18b057a2ec2e09,5,ebi_mobidb_lite,True,0.151162788271904,prediction_only_disorder,False,,,0,0.0,0,0
00001177,00001177,P00749,431,075cd160a22e392ad92776143a4af52ed1c6ac1e68ba82bc253ba8dd9daef9c1,5,folded,,0.0,experimentally_curated_short_disorder,True,DP03199,P00749,21,0.048723897911832945,11,2
00001178,00001178,O00141,431,b3f97b9d8c381d3fbe3728b02bfd6fe83fd9fcce7c707434ba6e40a440673ef9,5,folded,,0.0,no_disorder_evidence,False,,,0,0.0,0,0
00001179,00001179,Q8TB61,432,1e14a8b10a792ce124948b9a10cd7d684c4b17e6d343b4fe48acd88894705813,5,folded,,0.0,no_disorder_evidence,False,,,0,0.0,0,0
00001180,00001180,Q15831,433,07709ab07a513c4dce1a7959395be60cbd9c5b95c7f6810f9e2bbbac5fb11a0a,5,ebi_mobidb_lite,True,0.13163971900939941,prediction_only_disorder,False,,,0,0.0,0,0
00001181,00001181,B7U540,433,c50916507ff9013f26fc5f554cfe02c4f3462052801d56a640459b43c2429a2a,5,folded,,0.0,no_disorder_evidence,False,,,0,0.0,0,0
00001182,00001182,P13929,434,e1f260fddea266700d3765301eef9c58d2d4979e58933429a0457ca3f4ca7926,5,folded,,0.0,no_disorder_evidence,False,,,0,0.0,0,0
00001183,00001183,Q96Q40,435,f418bc4037e86d72ef5ca2076445f38f37790afd25f588d48e5d372771fa637c,5,folded,,0.0,no_disorder_evidence,False,,,0,0.0,0,0
00001184,00001184,Q96CW1,435,74d723b5c32d1ecc8089c6c84c98cd41fca45c3dfc77f9a53f07ac87a89516dc,5,folded,,0.0,experimentally_curated_contains_idr,True,DP00455,P84092,46,0.10574712643678161,29,3
00001185,00001185,Q8N6Q3,437,aa5c69b300fe0e7e19de99e22d0676b7811eb5e767103114b773a88d503800d3,5,folded,,0.0,no_disorder_evidence,False,,,0,0.0,0,0
00001186,00001186,Q92947,438,fe6a9b6925a754588ca9350217ee04929c2a3478eb41e06ffe46e3274417b79f,5,folded,,0.0,no_disorder_evidence,False,,,0,0.0,0,0
00001187,00001187,Q92685,438,43a217f7aaacdcd3021217242a697e79effab3b1f3ad4169710cd327cdeaf9a5,5,folded,,0.0,no_disorder_evidence,False,,,0,0.0,0,0
00001188,00001188,Q9HAC7,438,975e9d95e77f8ee24b16a2ffcd8e1d2f849026f3a27229bbc3ade85d416470b7,5,folded,,0.0,no_disorder_evidence,False,,,0,0.0,0,0
00001189,00001189,P17980,439,10308c92a3b0b8eb4ae619bc4f40302a5ef325404c7803580fad40eceafd08f7,5,folded,,0.0,no_disorder_evidence,False,,,0,0.0,0,0
00001190,00001190,Q96I13,439,bc7d79dd5a55a6057d01a4487e743fba8aef6118fede1150dcbf8815e954e5ca,5,folded,,0.0,no_disorder_evidence,False,,,0,0.0,0,0
00001191,00001191,A0A384E149,439,0430078166c1e76baf01d6d03cff2d99e0f2098b09a780c20db86aa72109f86d,5,af2_plddt_fallback,True,1.0,experimentally_curated_contains_idr,True,DP03026,A0A384E149,26,0.05922551252847381,26,1
00001192,00001192,O00591,440,3bd860014e87260572f8b32a012289e17673dd4ae3efc243cdabf5214d6d8ab1,5,folded,,0.0,no_disorder_evidence,False,,,0,0.0,0,0
00001193,00001193,Q13501,440,132b33dc385f6eefd61da6f86da8a8fe87e581ee873a464d1fb63cbb3279dcc9,5,ebi_mobidb_lite,True,0.3795454502105713,experimentally_curated_contains_idr,True,DP01111,Q13501,46,0.10454545454545454,46,2
00001194,00001194,Q7L592,441,44c967dad58260d3144a522107b089a2b1cd894b88c00419bbb69415b4b6e7bf,5,folded,,0.0,no_disorder_evidence,False,,,0,0.0,0,0
00001195,00001195,O15547,441,4f3b14a96fd410f26344def88390a0e417ec8ebc4d79affe93114a13dd3a2a7b,5,folded,,0.0,no_disorder_evidence,False,,,0,0.0,0,0
00001196,00001196,O95264,441,5aa9c6330a9cf2fcdf9ed4893d85526c18e798f083c46e8f9cc0b8be60d8e149,5,folded,,0.0,no_disorder_evidence,False,,,0,0.0,0,0
00001197,00001197,Q96IP4,442,022677d497e66cdd1e44300c6fd4fb061510d938dd27d5335d69ef804c8446b2,5,folded,,0.0,no_disorder_evidence,False,,,0,0.0,0,0
00001198,00001198,Q8N635,442,130ef1daef49448523d4ffc8ef50ad362a706c9bfa47f5213b7e8e485be00999,5,folded,,0.0,no_disorder_evidence,False,,,0,0.0,0,0
00001199,00001199,P14416,443,8c2b6e1477ff21093d6bdee1a4482a36b1024aaebbd4e968c54262742cefd3e0,5,folded,,0.0,no_disorder_evidence,False,,,0,0.0,0,0
00001200,00001200,Q00005,443,f0b443363be6dd29f63fe9da3603b4265ba8639877fbedac12db6451c6624390,5,folded,,0.0,no_disorder_evidence,False,,,0,0.0,0,0
00001201,00001201,Q12887,443,7a6170ba49ec63beaeebcd41b44b98f716b5862a51fa3c685971b8ead448e161,5,folded,,0.0,no_disorder_evidence,False,,,0,0.0,0,0
00001202,00001202,Q93086,444,78fe5994545a017480cb25a3e30c01dc84af32748c0764b7a4cbcfbc1ccddbed,5,folded,,0.0,no_disorder_evidence,False,,,0,0.0,0,0
00001203,00001203,P56545,445,ba3ce5bf0119d5c55407bd0c4b08654f7c9b543b3b78495f190f2265c38b35d7,5,folded,,0.0,no_disorder_evidence,False,,,0,0.0,0,0
00001204,00001204,P12694,445,90e0c4640fea1a9c8e6ebd103608f254bb9c595af625a105fd5ae9bec733dba7,5,folded,,0.0,no_disorder_evidence,False,,,0,0.0,0,0
00001205,00001205,Q93099,445,792903770485665af8c522a7ac149bfd102888316ef926130ddf937fcbeec1d0,5,folded,,0.0,no_disorder_evidence,False,,,0,0.0,0,0
00001206,00001206,Q5MNZ9,446,89d8b1838ff8ecbd37a19364b48125a478dc70b9fc54502a18ff19159548e79b,5,folded,,0.0,no_disorder_evidence,False,,,0,0.0,0,0
00001207,00001207,Q9UL15,447,a3bac2d2fa51e280e6971a000be6cde3f3400c0e13fc95e62f2e6c226ef3ff0b,5,folded,,0.0,no_disorder_evidence,False,,,0,0.0,0,0
00001208,00001208,P63151,447,6dda3b114ba2a64695d726392264def67c012db8eb8a9c45ba2601b16d31f086,5,folded,,0.0,no_disorder_evidence,False,,,0,0.0,0,0
00001209,00001209,Q9Y2T4,447,206efbe1a7aabbc726c10dc6c26cef91b0afc81213bf841a8f59568a1875c289,5,folded,,0.0,no_disorder_evidence,False,,,0,0.0,0,0
00001210,00001210,P49810,448,dcc2a591665c97d30c4cbd32952ccf43a31565fc9ef333b827e03a14ca25522c,5,folded,,0.0,no_disorder_evidence,False,,,0,0.0,0,0
00001211,00001211,Q5EBM0,449,f0754ac19a4a33f0d699d996bc8f88bc71f535ce5752ae9659ad7292ad8b0469,5,folded,,0.0,no_disorder_evidence,False,,,0,0.0,0,0
00001212,00001212,A4D126,451,587f5cb2a192eb07252eb6f9ed9895019904c71f0582f3f7155441e7045043e5,5,ebi_mobidb_lite,True,0.06430155038833618,experimentally_curated_short_disorder,True,DP03834,A4D126,16,0.03547671840354767,16,1
00001213,00001213,P47869,451,53fa4ae6a617800609887f91e4486400c41053d4ecf0df681c3dd225675c2938,5,folded,,0.0,no_disorder_evidence,False,,,0,0.0,0,0
00001214,00001214,Q9NR50,452,660ab80067c1dfdb5f6179379912f1e10cd129ea03acaf8ce024dc2895e5ce2c,5,folded,,0.0,no_disorder_evidence,False,,,0,0.0,0,0
00001215,00001215,Q53G44,452,d481cdce7c82e1a091109581945bd713719cbcef956800e119e5fbfcd879e5b5,5,folded,,0.0,no_disorder_evidence,False,,,0,0.0,0,0
00001216,00001216,P23416,452,f5bed8c4876850e42f75fbc7f673740133f6da43948d0f99486dce7046836d2f,5,folded,,0.0,no_disorder_evidence,False,,,0,0.0,0,0
00001217,00001217,Q96NS5,453,7b43b11bb2cef9a97caf238cb87ac9df6aa1b5abf9c0f1360cd3852a974351b8,5,folded,,0.0,no_disorder_evidence,False,,,0,0.0,0,0
00001218,00001218,Q9Y6X5,453,edc0ddb2b077ba21b4a194be9631fd42a01c4c3613768f4e89937357abc57bdf,5,folded,,0.0,no_disorder_evidence,False,,,0,0.0,0,0
00001219,00001219,Q66LE6,453,5a78f8318f705ca22bc253fb712ea824f83687b6a899df214c44333f0d14dc4b,5,folded,,0.0,no_disorder_evidence,False,,,0,0.0,0,0
00001220,00001220,O43194,453,4103e48a62ade11c1ec2a3d9d49beec769773d069d854f7bad4a611e9a15e601,5,folded,,0.0,no_disorder_evidence,False,,,0,0.0,0,0
00001221,00001221,P17735,454,21003819bf363ffe1d8eb8fad8d9fb8bf6170985f87d658f5400750441dd6b24,5,folded,,0.0,no_disorder_evidence,False,,,0,0.0,0,0
00001222,00001222,Q9Y4P8,454,78082b370330e212b201ce9a330cc3ea11eba44d9877903ff661ce6f56099180,5,folded,,0.0,no_disorder_evidence,False,,,0,0.0,0,0
00001223,00001223,O95897,454,f9ab527fcee4b1a51d88b85398fd303cacab983d55e84b8b8bcb53e6717ca3fd,5,folded,,0.0,no_disorder_evidence,False,,,0,0.0,0,0
00001224,00001224,F1NGB1,455,49e02fcf04175cd83a3b9bf6b6a2edd273dad085fa1ee3d0289650f67c89a0e5,5,ebi_mobidb_lite,True,0.31208792328834534,experimentally_curated_partially_disordered,True,DP03423,F1NGB1,266,0.5846153846153846,266,1
00001225,00001225,Q9Y265,456,081c4d17fb8ac34f1390d9083195ce614a70747707cdff2588334a50d8c85144,5,folded,,0.0,no_disorder_evidence,False,,,0,0.0,0,0
00001226,00001226,Q99808,456,49bca4bf056d239c66207751c15e2f1bf5c5f810a8685932c00ef588360f46ae,5,folded,,0.0,no_disorder_evidence,False,,,0,0.0,0,0
00001227,00001227,A7L035,456,dbcfce761e0c5ee9f5ef327356836141ffb7aa908c5de68e991cd0328da3bb24,5,af2_plddt_fallback,True,1.0,experimentally_curated_contains_idr,True,DP02947,A7L035,26,0.05701754385964912,26,1
00001228,00001228,P14867,456,b7c5362c168b0a1efb482e33444363f383ebfedc7cbf97406491bbca73a78b70,5,folded,,0.0,experimentally_curated_contains_idr,True,DP03975,P14867,60,0.13157894736842105,60,1
00001229,00001229,P23415,457,5645505093f8ea76ad40131dc69570dc609e370ff3e1fdddc7db1d4685abb9e7,5,folded,,0.0,no_disorder_evidence,False,,,0,0.0,0,0
00001230,00001230,P28335,458,8bb8e760c142b1a44ba1409375e34de5c0836b1b5e77ec6fac96a7a9d07d121f,5,folded,,0.0,no_disorder_evidence,False,,,0,0.0,0,0
00001231,00001231,Q05901,458,6b1d2c4d1dd26f1640df5f9c8924eab82eaa074f5221f2f0056a290e06173161,5,folded,,0.0,no_disorder_evidence,False,,,0,0.0,0,0
00001232,00001232,Q9H310,458,e7a61ed65a8a9cd97c737f3c8400923757bebe4bbee1bec80903ad4bcbbcbfa5,5,folded,,0.0,no_disorder_evidence,False,,,0,0.0,0,0
00001233,00001233,Q9HAD4,459,22ef89ef639095670873e2175132fcab6d163135f37f8e29a2ca218ad37fe46b,5,folded,,0.0,no_disorder_evidence,False,,,0,0.0,0,0
00001234,00001234,Q02790,459,6ebcd9d1f5201ce756f83bdc960921125f57a30d267f8b2993f4652f9c93a620,5,folded,,0.0,no_disorder_evidence,False,,,0,0.0,0,0
00001235,00001235,Q6UW02,462,3d05ceb99b1c81666f44895f214e12a5582ef9ca327176e07b3c2a91c19ecf0f,5,folded,,0.0,no_disorder_evidence,False,,,0,0.0,0,0
00001236,00001236,Q05639,463,716f4233dbf07bef50a59a252fdb91a5f1bf153bbc208994fb1fe38786066cbf,5,folded,,0.0,no_disorder_evidence,False,,,0,0.0,0,0
00001237,00001237,Q9BT22,464,e0c80e515427ab4ebade2d20fd260d07f785b2adafe6ad4e5b02fbb50c2af927,5,folded,,0.0,no_disorder_evidence,False,,,0,0.0,0,0
00001238,00001238,O00451,464,90957ff2efab2661632efc80e26b97db1baa961011bbc746fc7b9ea905af3915,5,folded,,0.0,no_disorder_evidence,False,,,0,0.0,0,0
00001239,00001239,P53779,464,808152c23dd7903f79cd211e69be307502872a8319329ebfdb49ad3c6d25ad55,5,folded,,0.0,experimentally_curated_contains_idr,True,DP02328,P53779,26,0.05603448275862069,26,1
00001240,00001240,O75311,464,8c08ff1105d5b550cdffcf4fe4703dcb010bb038622b33f29a888f2ce22e8ff2,5,folded,,0.0,no_disorder_evidence,False,,,0,0.0,0,0
00001241,00001241,P04424,464,4774bb60b7a490c393a138e61dc93795af1dc8beb9846d822a791d9750fe95aa,5,folded,,0.0,no_disorder_evidence,False,,,0,0.0,0,0
00001242,00001242,Q9HBH9,465,00faf52e877f8ec4d0da6ca32313f09350fb35484546287f7d68e8d95efc02b9,5,folded,,0.0,no_disorder_evidence,False,,,0,0.0,0,0
00001243,00001243,P35557,465,48ae6d5533dd7faf386b768e3da89f009ee6678a330e57c47be85385d5aca664,5,folded,,0.0,no_disorder_evidence,False,,,0,0.0,0,0
00001244,00001244,O60260,465,f1c95f90cb66ef3fe563de977581980576e42b59b10fe827126dfc9ead1003d3,5,folded,,0.0,experimentally_curated_contains_idr,True,DP01849,O60260,75,0.16129032258064516,34,3
00001245,00001245,Q9GZM7,467,ad196d8410e203de5da4ca8860344ba632e4fe2626dd12a8b487c3ffa53cc863,5,folded,,0.0,no_disorder_evidence,False,,,0,0.0,0,0
00001246,00001246,Q9NYL5,469,378a49eba36fe0ed873d2306a44dae9e8b1341b3c7adc1874a34f6712c76943e,5,folded,,0.0,no_disorder_evidence,False,,,0,0.0,0,0
00001247,00001247,Q9H227,469,085c3182089b94015013f0db9968ed23a635fdc1b61ccdeac56505bb7ae26b15,5,folded,,0.0,no_disorder_evidence,False,,,0,0.0,0,0
00001248,00001248,Q9UBL9,471,8d81dcbb879116c8dfccbb9c94c87a9128f3d562eedb3b7b7e58a9b30f4056ac,5,folded,,0.0,no_disorder_evidence,False,,,0,0.0,0,0
00001249,00001249,P28223,471,2b9b5928cca6ac49d4004d64fc2f2598fd08812dd42e720993169a86769075f5,5,folded,,0.0,no_disorder_evidence,False,,,0,0.0,0,0
00001250,00001250,Q96N66,472,0d69e453b11baab26744507a6921333d916b4ac6a742324c5ef38acc45346cc4,5,folded,,0.0,no_disorder_evidence,False,,,0,0.0,0,0
00001251,00001251,Q13228,472,b63bf6ce4e01da23999e4942cc20e434a0b3e45f597ece56ebf12d605f287250,5,folded,,0.0,no_disorder_evidence,False,,,0,0.0,0,0
00001252,00001252,Q6PHR2,472,069dcf65f46230dcb8df3afdfe9a000b11850089320595f24e1665054b6bef10,5,folded,,0.0,no_disorder_evidence,False,,,0,0.0,0,0
00001253,00001253,P21554,472,4cf523e4f20641bd9bbbe1036fb5a523dba1b2bf3127cd5b69b0a6d2e2cc6314,5,folded,,0.0,no_disorder_evidence,False,,,0,0.0,0,0
00001254,00001254,P49758,472,2bb4fcfec59b3c4f0a1648618e315f39dda3c7b7b1a1d1e19c682c6c1bd3bfc0,5,folded,,0.0,experimentally_curated_short_disorder,True,DP04095,P49758,18,0.038135593220338986,18,1
00001255,00001255,P28472,473,7f10a0276ca0f6917022cb3000efe665000389079d05be3da18888261d53eba2,5,folded,,0.0,experimentally_curated_contains_idr,True,DP03976,P28472,102,0.2156448202959831,102,1
00001256,00001256,P06858,475,7046a30829301a51af654f026d269dbc48dd735f88ffb5260d3c2bba1f620093,5,folded,,0.0,no_disorder_evidence,False,,,0,0.0,0,0
00001257,00001257,Q9UBB4,475,198a8de7f7984533488730efe027d6be7c45763465414d2c9e2d968688ed30c9,5,folded,,0.0,no_disorder_evidence,False,,,0,0.0,0,0
00001258,00001258,P50336,477,774f8bc7cb4590608c0636ca8c5151c3a0db5defe2b585cd586f882d4fe292ee,5,folded,,0.0,no_disorder_evidence,False,,,0,0.0,0,0
00001259,00001259,P46098,478,ce82cc02fd301ba6e478be5129ef6dd8f51452ce094b362910739b89e26b4995,5,folded,,0.0,no_disorder_evidence,False,,,0,0.0,0,0
00001260,00001260,A0KJC7,478,9611a4dd4c01820da06aaebe97f0fbf5ffd57d0ac475bcefc58650e3b1cdbc67,5,af2_plddt_fallback,True,1.0,experimentally_curated_partially_disordered,True,DP02499,A0KJC7,230,0.4811715481171548,230,1
00001261,00001261,Q9UGM1,479,ac8143e3f37c0666ef390f79049afe1b4f474288d5820d844fed6d38839e46b7,5,folded,,0.0,no_disorder_evidence,False,,,0,0.0,0,0
00001262,00001262,G4VQX9,480,ca37d2c2ad7f0fb0d8824a8c026a14d01faf41e5962a4fa18fa0c5c1ee7aa0ec,5,af2_plddt_fallback,True,1.0,experimentally_curated_short_disorder,True,DP03792,G4VQX9,10,0.020833333333333332,10,1
00001263,00001263,F1RE08,480,558349b0712d388571044b57c67eae9b225aef9a7ef1425f09d8cf573ad86a60,5,af2_plddt_fallback,True,1.0,experimentally_curated_short_disorder,True,DP02884,F1RE08,24,0.05,12,2
00001264,00001264,P31749,480,51db38ca000f0471707445dbc6e933598ffa1311b809a8da10aaf05174e5182d,5,folded,,0.0,experimentally_curated_contains_idr,True,DP03300,P31749,31,0.06458333333333334,31,1
00001265,00001265,P18428,481,a36050703246e8fe1045b09ce6bd2b1be79b54f72cee38a45e53047786f0da36,5,folded,,0.0,no_disorder_evidence,False,,,0,0.0,0,0
00001266,00001266,P31751,481,31df09ee54136584c9d22b78c72cb3401adeedaa4ef3491b7618f82c9f676527,5,folded,,0.0,experimentally_curated_contains_idr,True,DP00304,P31751,69,0.14345114345114346,41,6
00001267,00001267,Q96LT7,481,083b7501fdcc2a67c5c76503fe36165d7ad02bd910160f9dcce68f53bb4c7e0c,5,folded,,0.0,no_disorder_evidence,False,,,0,0.0,0,0
00001268,00001268,P54284,484,b07e66ce76fa109a0e003a0541a8296b62c88a77e8b8dcc0ebea501b127cda94,5,folded,,0.0,no_disorder_evidence,False,,,0,0.0,0,0
00001269,00001269,P30566,484,f6777a97981f41e0e1e7a3daf5aa7e5d74b9abe6cd48b279548225a62aaed554,5,folded,,0.0,experimentally_curated_short_disorder,True,DP03962,P30566,22,0.045454545454545456,12,2
00001270,00001270,Q96CU9,486,e9a1110d9bdf78a2ec3c0a99312c126eff93e6f41e3e94d74ee706401a3780de,5,folded,,0.0,no_disorder_evidence,False,,,0,0.0,0,0
00001271,00001271,Q15172,486,6aaa2beb5c19a3b81eccccb4555bf588599a2fb0b0d6461a679d11b55f7de15a,5,folded,,0.0,no_disorder_evidence,False,,,0,0.0,0,0
00001272,00001272,P33261,490,7b6cfcfa50f9a9a5152dd688648fb19728833345fe619e1837946ea5df4987bb,5,folded,,0.0,no_disorder_evidence,False,,,0,0.0,0,0
00001273,00001273,Q8IV08,490,b4f185cb895fd72aea1ae2aedda2527b0e88295db4eeb419efd41f7e2530fb0a,5,folded,,0.0,no_disorder_evidence,False,,,0,0.0,0,0
00001274,00001274,Q8IWU9,490,20d1d3efb37716f4198ee1efade5dadb57d7a37631317d8f4eff334955d10637,5,folded,,0.0,no_disorder_evidence,False,,,0,0.0,0,0
00001275,00001275,P10632,490,c981f603f1b9d88ee56203b5bf857eaffd6a7e854feb10d8face4a77d2847ab4,5,folded,,0.0,no_disorder_evidence,False,,,0,0.0,0,0
00001276,00001276,Q8TAV3,490,eeb666febf7ab51317422e0d871b59d395f3c4ea2ee6a77181e1389b4360bcbe,5,folded,,0.0,no_disorder_evidence,False,,,0,0.0,0,0
00001277,00001277,P33260,490,c08d37e9b9741f4a5127f595dc2455f6f63f204e585751c7b1c65e1e661c8a1e,5,folded,,0.0,no_disorder_evidence,False,,,0,0.0,0,0
00001278,00001278,P11712,490,3f891626b6684fc43355f4146b0d0aad6273d9d39670b42340a49cff79fa8d24,5,folded,,0.0,no_disorder_evidence,False,,,0,0.0,0,0
00001279,00001279,Q00987,491,77ed25650e717b3f610e42ef8e5c1c88d50e7485725032f8535448a0ca8b61b1,5,ebi_mobidb_lite,True,0.3116089701652527,experimentally_curated_partially_disordered,True,DP00334,Q00987,222,0.45213849287169044,103,4
00001280,00001280,P24903,491,60ea8958054d736688de83376908b37422e99c61dde8bf72e793cb3f60b14386,5,folded,,0.0,no_disorder_evidence,False,,,0,0.0,0,0
00001281,00001281,P20813,491,1acd4018cfb7c8413675ddcb546e4b146c424daad5812198efefd87cdd5d554d,5,folded,,0.0,no_disorder_evidence,False,,,0,0.0,0,0
00001282,00001282,P34903,492,0f3d4a587055bb5b934e059d9d3bd38f783a3ae09a8821792d023b48cf4621ae,5,folded,,0.0,no_disorder_evidence,False,,,0,0.0,0,0
00001283,00001283,P11166,492,cc16edbc0d573ad46f7962c2fe3e99ac43b7c21d34fb1928ce67f24cc951f022,5,folded,,0.0,experimentally_curated_contains_idr,True,DP02855,P11166,37,0.07520325203252033,37,2
00001284,00001284,Q2TAA5,492,3b457911a95385f176d2a7b86e6322052b9a417eb3693c0813e8449d0e2a9e40,5,folded,,0.0,no_disorder_evidence,False,,,0,0.0,0,0
00001285,00001285,P05181,493,2357a72fbe2395cf0ece6f4d903b528ba0fe918807ff5c598ed54414e27839a4,5,folded,,0.0,no_disorder_evidence,False,,,0,0.0,0,0
00001286,00001286,Q04844,493,015f4bd91eb1ae0731e7fa44552636508f59862c9269876fbbc107774dfe54dd,5,folded,,0.0,no_disorder_evidence,False,,,0,0.0,0,0
00001287,00001287,Q16696,494,49ae5b3e5375a5ab9d3e29491bc1d7c1a3ffc3afe36f26901bfb762de9b4ff24,5,folded,,0.0,no_disorder_evidence,False,,,0,0.0,0,0
00001288,00001288,P20853,494,76d4f85be64ffb7fee7464c4ebdd1c9e27c2e848bf3525c976c856560c449480,5,folded,,0.0,no_disorder_evidence,False,,,0,0.0,0,0
